Scramble Length/Seed,States Checked,Sequence
0,"[1, 1, 1, 1, 1, 3, 4, 2, 6, 5, 13, 8, 10, 4, 9, 231, 37, 202, 380, 5, 20, 169, 79, 20, 144, 374, 144, 699, 13, 1000, 856, 1000, 37, 232, 1000, 1000, 1000, 1000, 39, 1000, 1000, 762, 1000, 58, 1000, 1000, 1000, 417, 12, 1000, 70, 1000, 1000, 1000, 1000, 1000, 1000, 1000, 1000, 1000, 1000, 1000, 1000, 1000, 1000, 1000, 1000, 1000, 1000, 1000, 1000, 1000, 40, 1000, 1000, 1000, 1000, 1000, 1000, 1000, 1000, 1000, 1000, 1000, 1000, 1000, 1000, 1000, 1000, 1000, 1000, 1000, 1000, 1000, 1000, 1000, 1000, 1000, 1000, 1000]","         ['4' '4']
         ['4' '4']
['3' '3']['0' '0']['2' '2']['1' '1']
['3' '3']['0' '0']['2' '2']['1' '1']
         ['5' '5']
         ['5' '5']
"
0,"[1, 1, 1, 1, 1, 3, 4, 2, 6, 5, 13, 8, 10, 4, 9, 231, 37, 202, 380, 5, 20, 169, 79, 20, 144, 374, 144, 699, 13, 1000, 856, 1000, 37, 232, 1000, 1000, 1000, 1000, 39, 1000, 1000, 762, 1000, 58, 1000, 1000, 1000, 417, 12, 1000, 70, 1000, 1000, 1000, 1000, 1000, 1000, 1000, 1000, 1000, 1000, 1000, 1000, 1000, 1000, 1000, 1000, 1000, 1000, 1000, 1000, 1000, 40, 1000, 1000, 1000, 1000, 1000, 1000, 1000, 1000, 1000, 1000, 1000, 1000, 1000, 1000, 1000, 1000, 1000, 1000, 1000, 1000, 1000, 1000, 1000, 1000, 1000, 1000, 1000]","         ['4' '4']
         ['4' '4']
['3' '3']['0' '0']['2' '2']['1' '1']
['3' '3']['0' '0']['2' '2']['1' '1']
         ['5' '5']
         ['5' '5']
"
0,"[1, 1, 1, 1, 1, 3, 4, 2, 6, 5, 13, 8, 10, 4, 9, 231, 37, 202, 380, 5, 20, 169, 79, 20, 144, 374, 144, 699, 13, 1000, 856, 1000, 37, 232, 1000, 1000, 1000, 1000, 39, 1000, 1000, 762, 1000, 58, 1000, 1000, 1000, 417, 12, 1000, 70, 1000, 1000, 1000, 1000, 1000, 1000, 1000, 1000, 1000, 1000, 1000, 1000, 1000, 1000, 1000, 1000, 1000, 1000, 1000, 1000, 1000, 40, 1000, 1000, 1000, 1000, 1000, 1000, 1000, 1000, 1000, 1000, 1000, 1000, 1000, 1000, 1000, 1000, 1000, 1000, 1000, 1000, 1000, 1000, 1000, 1000, 1000, 1000, 1000]","         ['4' '4']
         ['4' '4']
['3' '3']['0' '0']['2' '2']['1' '1']
['3' '3']['0' '0']['2' '2']['1' '1']
         ['5' '5']
         ['5' '5']
"
0,"[1, 1, 1, 1, 1, 3, 4, 2, 6, 5, 13, 8, 10, 4, 9, 231, 37, 202, 380, 5, 20, 169, 79, 20, 144, 374, 144, 699, 13, 1000, 856, 1000, 37, 232, 1000, 1000, 1000, 1000, 39, 1000, 1000, 762, 1000, 58, 1000, 1000, 1000, 417, 12, 1000, 70, 1000, 1000, 1000, 1000, 1000, 1000, 1000, 1000, 1000, 1000, 1000, 1000, 1000, 1000, 1000, 1000, 1000, 1000, 1000, 1000, 1000, 40, 1000, 1000, 1000, 1000, 1000, 1000, 1000, 1000, 1000, 1000, 1000, 1000, 1000, 1000, 1000, 1000, 1000, 1000, 1000, 1000, 1000, 1000, 1000, 1000, 1000, 1000, 1000]","         ['4' '4']
         ['4' '4']
['3' '3']['0' '0']['2' '2']['1' '1']
['3' '3']['0' '0']['2' '2']['1' '1']
         ['5' '5']
         ['5' '5']
"
0,"[1, 1, 1, 1, 1, 3, 4, 2, 6, 5, 13, 8, 10, 4, 9, 231, 37, 202, 380, 5, 20, 169, 79, 20, 144, 374, 144, 699, 13, 1000, 856, 1000, 37, 232, 1000, 1000, 1000, 1000, 39, 1000, 1000, 762, 1000, 58, 1000, 1000, 1000, 417, 12, 1000, 70, 1000, 1000, 1000, 1000, 1000, 1000, 1000, 1000, 1000, 1000, 1000, 1000, 1000, 1000, 1000, 1000, 1000, 1000, 1000, 1000, 1000, 40, 1000, 1000, 1000, 1000, 1000, 1000, 1000, 1000, 1000, 1000, 1000, 1000, 1000, 1000, 1000, 1000, 1000, 1000, 1000, 1000, 1000, 1000, 1000, 1000, 1000, 1000, 1000]","         ['4' '4']
         ['4' '4']
['3' '3']['0' '0']['2' '2']['1' '1']
['3' '3']['0' '0']['2' '2']['1' '1']
         ['5' '5']
         ['5' '5']
"
1,"[1, 1, 1, 1, 1, 3, 4, 2, 6, 5, 13, 8, 10, 4, 9, 231, 37, 202, 380, 5, 20, 169, 79, 20, 144, 374, 144, 699, 13, 1000, 856, 1000, 37, 232, 1000, 1000, 1000, 1000, 39, 1000, 1000, 762, 1000, 58, 1000, 1000, 1000, 417, 12, 1000, 70, 1000, 1000, 1000, 1000, 1000, 1000, 1000, 1000, 1000, 1000, 1000, 1000, 1000, 1000, 1000, 1000, 1000, 1000, 1000, 1000, 1000, 40, 1000, 1000, 1000, 1000, 1000, 1000, 1000, 1000, 1000, 1000, 1000, 1000, 1000, 1000, 1000, 1000, 1000, 1000, 1000, 1000, 1000, 1000, 1000, 1000, 1000, 1000, 1000]","         ['4' '4']
         ['4' '4']
['0' '0']['2' '2']['1' '1']['3' '3']
['3' '3']['0' '0']['2' '2']['1' '1']
         ['5' '5']
         ['5' '5']
         ['4' '4']
         ['4' '4']
['3' '3']['0' '0']['2' '2']['1' '1']
['3' '3']['0' '0']['2' '2']['1' '1']
         ['5' '5']
         ['5' '5']
"
1,"[1, 1, 1, 1, 1, 3, 4, 2, 6, 5, 13, 8, 10, 4, 9, 231, 37, 202, 380, 5, 20, 169, 79, 20, 144, 374, 144, 699, 13, 1000, 856, 1000, 37, 232, 1000, 1000, 1000, 1000, 39, 1000, 1000, 762, 1000, 58, 1000, 1000, 1000, 417, 12, 1000, 70, 1000, 1000, 1000, 1000, 1000, 1000, 1000, 1000, 1000, 1000, 1000, 1000, 1000, 1000, 1000, 1000, 1000, 1000, 1000, 1000, 1000, 40, 1000, 1000, 1000, 1000, 1000, 1000, 1000, 1000, 1000, 1000, 1000, 1000, 1000, 1000, 1000, 1000, 1000, 1000, 1000, 1000, 1000, 1000, 1000, 1000, 1000, 1000, 1000]","         ['4' '0']
         ['4' '0']
['3' '3']['0' '5']['2' '2']['4' '1']
['3' '3']['0' '5']['2' '2']['4' '1']
         ['5' '1']
         ['5' '1']
         ['4' '4']
         ['4' '4']
['3' '3']['0' '0']['2' '2']['1' '1']
['3' '3']['0' '0']['2' '2']['1' '1']
         ['5' '5']
         ['5' '5']
"
1,"[1, 1, 1, 1, 1, 3, 4, 2, 6, 5, 13, 8, 10, 4, 9, 231, 37, 202, 380, 5, 20, 169, 79, 20, 144, 374, 144, 699, 13, 1000, 856, 1000, 37, 232, 1000, 1000, 1000, 1000, 39, 1000, 1000, 762, 1000, 58, 1000, 1000, 1000, 417, 12, 1000, 70, 1000, 1000, 1000, 1000, 1000, 1000, 1000, 1000, 1000, 1000, 1000, 1000, 1000, 1000, 1000, 1000, 1000, 1000, 1000, 1000, 1000, 40, 1000, 1000, 1000, 1000, 1000, 1000, 1000, 1000, 1000, 1000, 1000, 1000, 1000, 1000, 1000, 1000, 1000, 1000, 1000, 1000, 1000, 1000, 1000, 1000, 1000, 1000, 1000]","         ['4' '1']
         ['4' '1']
['3' '3']['0' '4']['2' '2']['5' '1']
['3' '3']['0' '4']['2' '2']['5' '1']
         ['5' '0']
         ['5' '0']
         ['4' '4']
         ['4' '4']
['3' '3']['0' '0']['2' '2']['1' '1']
['3' '3']['0' '0']['2' '2']['1' '1']
         ['5' '5']
         ['5' '5']
"
1,"[1, 1, 1, 1, 1, 3, 4, 2, 6, 5, 13, 8, 10, 4, 9, 231, 37, 202, 380, 5, 20, 169, 79, 20, 144, 374, 144, 699, 13, 1000, 856, 1000, 37, 232, 1000, 1000, 1000, 1000, 39, 1000, 1000, 762, 1000, 58, 1000, 1000, 1000, 417, 12, 1000, 70, 1000, 1000, 1000, 1000, 1000, 1000, 1000, 1000, 1000, 1000, 1000, 1000, 1000, 1000, 1000, 1000, 1000, 1000, 1000, 1000, 1000, 40, 1000, 1000, 1000, 1000, 1000, 1000, 1000, 1000, 1000, 1000, 1000, 1000, 1000, 1000, 1000, 1000, 1000, 1000, 1000, 1000, 1000, 1000, 1000, 1000, 1000, 1000, 1000]","         ['1' '4']
         ['1' '4']
['3' '3']['4' '0']['2' '2']['1' '5']
['3' '3']['4' '0']['2' '2']['1' '5']
         ['0' '5']
         ['0' '5']
         ['4' '4']
         ['4' '4']
['3' '3']['0' '0']['2' '2']['1' '1']
['3' '3']['0' '0']['2' '2']['1' '1']
         ['5' '5']
         ['5' '5']
"
1,"[1, 1, 1, 1, 1, 3, 4, 2, 6, 5, 13, 8, 10, 4, 9, 231, 37, 202, 380, 5, 20, 169, 79, 20, 144, 374, 144, 699, 13, 1000, 856, 1000, 37, 232, 1000, 1000, 1000, 1000, 39, 1000, 1000, 762, 1000, 58, 1000, 1000, 1000, 417, 12, 1000, 70, 1000, 1000, 1000, 1000, 1000, 1000, 1000, 1000, 1000, 1000, 1000, 1000, 1000, 1000, 1000, 1000, 1000, 1000, 1000, 1000, 1000, 40, 1000, 1000, 1000, 1000, 1000, 1000, 1000, 1000, 1000, 1000, 1000, 1000, 1000, 1000, 1000, 1000, 1000, 1000, 1000, 1000, 1000, 1000, 1000, 1000, 1000, 1000, 1000]","         ['5' '4']
         ['5' '4']
['3' '3']['1' '0']['2' '2']['1' '0']
['3' '3']['1' '0']['2' '2']['1' '0']
         ['4' '5']
         ['4' '5']
         ['4' '4']
         ['4' '4']
['3' '3']['0' '0']['2' '2']['1' '1']
['3' '3']['0' '0']['2' '2']['1' '1']
         ['5' '5']
         ['5' '5']
"
2,"[1, 1, 1, 1, 1, 3, 4, 2, 6, 5, 13, 8, 10, 4, 9, 231, 37, 202, 380, 5, 20, 169, 79, 20, 144, 374, 144, 699, 13, 1000, 856, 1000, 37, 232, 1000, 1000, 1000, 1000, 39, 1000, 1000, 762, 1000, 58, 1000, 1000, 1000, 417, 12, 1000, 70, 1000, 1000, 1000, 1000, 1000, 1000, 1000, 1000, 1000, 1000, 1000, 1000, 1000, 1000, 1000, 1000, 1000, 1000, 1000, 1000, 1000, 40, 1000, 1000, 1000, 1000, 1000, 1000, 1000, 1000, 1000, 1000, 1000, 1000, 1000, 1000, 1000, 1000, 1000, 1000, 1000, 1000, 1000, 1000, 1000, 1000, 1000, 1000, 1000]","         ['2' '0']
         ['4' '0']
['4' '3']['0' '5']['2' '2']['2' '1']
['4' '3']['0' '3']['5' '5']['4' '1']
         ['5' '1']
         ['3' '1']
         ['2' '2']
         ['4' '4']
['4' '3']['0' '0']['2' '5']['1' '1']
['4' '3']['0' '0']['2' '5']['1' '1']
         ['5' '5']
         ['3' '3']
         ['4' '4']
         ['4' '4']
['3' '3']['0' '0']['2' '2']['1' '1']
['3' '3']['0' '0']['2' '2']['1' '1']
         ['5' '5']
         ['5' '5']
"
2,"[1, 1, 1, 1, 1, 3, 4, 2, 6, 5, 13, 8, 10, 4, 9, 231, 37, 202, 380, 5, 20, 169, 79, 20, 144, 374, 144, 699, 13, 1000, 856, 1000, 37, 232, 1000, 1000, 1000, 1000, 39, 1000, 1000, 762, 1000, 58, 1000, 1000, 1000, 417, 12, 1000, 70, 1000, 1000, 1000, 1000, 1000, 1000, 1000, 1000, 1000, 1000, 1000, 1000, 1000, 1000, 1000, 1000, 1000, 1000, 1000, 1000, 1000, 40, 1000, 1000, 1000, 1000, 1000, 1000, 1000, 1000, 1000, 1000, 1000, 1000, 1000, 1000, 1000, 1000, 1000, 1000, 1000, 1000, 1000, 1000, 1000, 1000, 1000, 1000, 1000]","         ['4' '0']
         ['4' '0']
['3' '3']['0' '5']['2' '2']['4' '1']
['0' '5']['2' '2']['4' '1']['3' '3']
         ['1' '1']
         ['5' '5']
         ['4' '0']
         ['4' '0']
['3' '3']['0' '5']['2' '2']['4' '1']
['3' '3']['0' '5']['2' '2']['4' '1']
         ['5' '1']
         ['5' '1']
         ['4' '4']
         ['4' '4']
['3' '3']['0' '0']['2' '2']['1' '1']
['3' '3']['0' '0']['2' '2']['1' '1']
         ['5' '5']
         ['5' '5']
"
2,"[1, 1, 1, 1, 1, 3, 4, 2, 6, 5, 13, 8, 10, 4, 9, 231, 37, 202, 380, 5, 20, 169, 79, 20, 144, 374, 144, 699, 13, 1000, 856, 1000, 37, 232, 1000, 1000, 1000, 1000, 39, 1000, 1000, 762, 1000, 58, 1000, 1000, 1000, 417, 12, 1000, 70, 1000, 1000, 1000, 1000, 1000, 1000, 1000, 1000, 1000, 1000, 1000, 1000, 1000, 1000, 1000, 1000, 1000, 1000, 1000, 1000, 1000, 40, 1000, 1000, 1000, 1000, 1000, 1000, 1000, 1000, 1000, 1000, 1000, 1000, 1000, 1000, 1000, 1000, 1000, 1000, 1000, 1000, 1000, 1000, 1000, 1000, 1000, 1000, 1000]","         ['0' '4']
         ['3' '4']
['3' '1']['5' '0']['2' '2']['1' '4']
['3' '1']['5' '3']['0' '0']['2' '4']
         ['1' '5']
         ['2' '5']
         ['4' '4']
         ['4' '4']
['3' '3']['0' '0']['2' '2']['1' '1']
['1' '1']['3' '3']['0' '0']['2' '2']
         ['5' '5']
         ['5' '5']
         ['4' '4']
         ['4' '4']
['3' '3']['0' '0']['2' '2']['1' '1']
['3' '3']['0' '0']['2' '2']['1' '1']
         ['5' '5']
         ['5' '5']
"
2,"[1, 1, 1, 1, 1, 3, 4, 2, 6, 5, 13, 8, 10, 4, 9, 231, 37, 202, 380, 5, 20, 169, 79, 20, 144, 374, 144, 699, 13, 1000, 856, 1000, 37, 232, 1000, 1000, 1000, 1000, 39, 1000, 1000, 762, 1000, 58, 1000, 1000, 1000, 417, 12, 1000, 70, 1000, 1000, 1000, 1000, 1000, 1000, 1000, 1000, 1000, 1000, 1000, 1000, 1000, 1000, 1000, 1000, 1000, 1000, 1000, 1000, 1000, 40, 1000, 1000, 1000, 1000, 1000, 1000, 1000, 1000, 1000, 1000, 1000, 1000, 1000, 1000, 1000, 1000, 1000, 1000, 1000, 1000, 1000, 1000, 1000, 1000, 1000, 1000, 1000]","         ['4' '1']
         ['2' '2']
['3' '4']['4' '4']['5' '2']['5' '1']
['3' '1']['0' '0']['0' '2']['5' '1']
         ['3' '3']
         ['5' '0']
         ['4' '1']
         ['4' '1']
['3' '3']['0' '4']['2' '2']['5' '1']
['3' '3']['0' '4']['2' '2']['5' '1']
         ['5' '0']
         ['5' '0']
         ['4' '4']
         ['4' '4']
['3' '3']['0' '0']['2' '2']['1' '1']
['3' '3']['0' '0']['2' '2']['1' '1']
         ['5' '5']
         ['5' '5']
"
2,"[1, 1, 1, 1, 1, 3, 4, 2, 6, 5, 13, 8, 10, 4, 9, 231, 37, 202, 380, 5, 20, 169, 79, 20, 144, 374, 144, 699, 13, 1000, 856, 1000, 37, 232, 1000, 1000, 1000, 1000, 39, 1000, 1000, 762, 1000, 58, 1000, 1000, 1000, 417, 12, 1000, 70, 1000, 1000, 1000, 1000, 1000, 1000, 1000, 1000, 1000, 1000, 1000, 1000, 1000, 1000, 1000, 1000, 1000, 1000, 1000, 1000, 1000, 40, 1000, 1000, 1000, 1000, 1000, 1000, 1000, 1000, 1000, 1000, 1000, 1000, 1000, 1000, 1000, 1000, 1000, 1000, 1000, 1000, 1000, 1000, 1000, 1000, 1000, 1000, 1000]","         ['2' '2']
         ['4' '4']
['4' '3']['0' '0']['2' '5']['1' '1']
['1' '1']['4' '3']['0' '0']['2' '5']
         ['3' '5']
         ['3' '5']
         ['2' '2']
         ['4' '4']
['4' '3']['0' '0']['2' '5']['1' '1']
['4' '3']['0' '0']['2' '5']['1' '1']
         ['5' '5']
         ['3' '3']
         ['4' '4']
         ['4' '4']
['3' '3']['0' '0']['2' '2']['1' '1']
['3' '3']['0' '0']['2' '2']['1' '1']
         ['5' '5']
         ['5' '5']
"
3,"[1, 1, 1, 1, 1, 3, 4, 2, 6, 5, 13, 8, 10, 4, 9, 231, 37, 202, 380, 5, 20, 169, 79, 20, 144, 374, 144, 699, 13, 1000, 856, 1000, 37, 232, 1000, 1000, 1000, 1000, 39, 1000, 1000, 762, 1000, 58, 1000, 1000, 1000, 417, 12, 1000, 70, 1000, 1000, 1000, 1000, 1000, 1000, 1000, 1000, 1000, 1000, 1000, 1000, 1000, 1000, 1000, 1000, 1000, 1000, 1000, 1000, 1000, 40, 1000, 1000, 1000, 1000, 1000, 1000, 1000, 1000, 1000, 1000, 1000, 1000, 1000, 1000, 1000, 1000, 1000, 1000, 1000, 1000, 1000, 1000, 1000, 1000, 1000, 1000, 1000]","         ['4' '3']
         ['4' '3']
['0' '0']['2' '4']['1' '1']['5' '3']
['2' '4']['1' '1']['5' '3']['0' '0']
         ['2' '2']
         ['5' '5']
         ['4' '3']
         ['4' '3']
['0' '0']['2' '4']['1' '1']['5' '3']
['0' '0']['2' '4']['1' '1']['5' '3']
         ['5' '2']
         ['5' '2']
         ['4' '4']
         ['4' '4']
['0' '0']['2' '2']['1' '1']['3' '3']
['0' '0']['2' '2']['1' '1']['3' '3']
         ['5' '5']
         ['5' '5']
         ['4' '4']
         ['4' '4']
['0' '0']['2' '2']['1' '1']['3' '3']
['3' '3']['0' '0']['2' '2']['1' '1']
         ['5' '5']
         ['5' '5']
         ['4' '4']
         ['4' '4']
['3' '3']['0' '0']['2' '2']['1' '1']
['3' '3']['0' '0']['2' '2']['1' '1']
         ['5' '5']
         ['5' '5']
"
3,"[1, 1, 1, 1, 1, 3, 4, 2, 6, 5, 13, 8, 10, 4, 9, 231, 37, 202, 380, 5, 20, 169, 79, 20, 144, 374, 144, 699, 13, 1000, 856, 1000, 37, 232, 1000, 1000, 1000, 1000, 39, 1000, 1000, 762, 1000, 58, 1000, 1000, 1000, 417, 12, 1000, 70, 1000, 1000, 1000, 1000, 1000, 1000, 1000, 1000, 1000, 1000, 1000, 1000, 1000, 1000, 1000, 1000, 1000, 1000, 1000, 1000, 1000, 40, 1000, 1000, 1000, 1000, 1000, 1000, 1000, 1000, 1000, 1000, 1000, 1000, 1000, 1000, 1000, 1000, 1000, 1000, 1000, 1000, 1000, 1000, 1000, 1000, 1000, 1000, 1000]","         ['5' '0']
         ['5' '2']
['0' '0']['1' '5']['1' '2']['4' '0']
['3' '3']['3' '5']['1' '2']['4' '2']
         ['4' '1']
         ['4' '3']
         ['4' '0']
         ['4' '2']
['3' '3']['0' '5']['1' '2']['4' '1']
['0' '0']['2' '5']['1' '2']['4' '3']
         ['5' '1']
         ['5' '3']
         ['4' '4']
         ['4' '4']
['3' '3']['0' '0']['2' '2']['1' '1']
['0' '0']['2' '2']['1' '1']['3' '3']
         ['5' '5']
         ['5' '5']
         ['4' '4']
         ['4' '4']
['3' '3']['0' '0']['2' '2']['1' '1']
['3' '3']['0' '0']['2' '2']['1' '1']
         ['5' '5']
         ['5' '5']
"
3,"[1, 1, 1, 1, 1, 3, 4, 2, 6, 5, 13, 8, 10, 4, 9, 231, 37, 202, 380, 5, 20, 169, 79, 20, 144, 374, 144, 699, 13, 1000, 856, 1000, 37, 232, 1000, 1000, 1000, 1000, 39, 1000, 1000, 762, 1000, 58, 1000, 1000, 1000, 417, 12, 1000, 70, 1000, 1000, 1000, 1000, 1000, 1000, 1000, 1000, 1000, 1000, 1000, 1000, 1000, 1000, 1000, 1000, 1000, 1000, 1000, 1000, 1000, 40, 1000, 1000, 1000, 1000, 1000, 1000, 1000, 1000, 1000, 1000, 1000, 1000, 1000, 1000, 1000, 1000, 1000, 1000, 1000, 1000, 1000, 1000, 1000, 1000, 1000, 1000, 1000]","         ['2' '1']
         ['5' '1']
['5' '3']['1' '4']['2' '2']['2' '0']
['5' '3']['1' '3']['4' '4']['5' '0']
         ['4' '0']
         ['3' '0']
         ['2' '2']
         ['5' '5']
['5' '3']['1' '1']['2' '4']['0' '0']
['5' '3']['1' '1']['2' '4']['0' '0']
         ['4' '4']
         ['3' '3']
         ['5' '5']
         ['5' '5']
['3' '3']['1' '1']['2' '2']['0' '0']
['3' '3']['1' '1']['2' '2']['0' '0']
         ['4' '4']
         ['4' '4']
         ['5' '4']
         ['5' '4']
['3' '3']['1' '0']['2' '2']['1' '0']
['3' '3']['1' '0']['2' '2']['1' '0']
         ['4' '5']
         ['4' '5']
         ['4' '4']
         ['4' '4']
['3' '3']['0' '0']['2' '2']['1' '1']
['3' '3']['0' '0']['2' '2']['1' '1']
         ['5' '5']
         ['5' '5']
"
3,"[1, 1, 1, 1, 1, 3, 4, 2, 6, 5, 13, 8, 10, 4, 9, 231, 37, 202, 380, 5, 20, 169, 79, 20, 144, 374, 144, 699, 13, 1000, 856, 1000, 37, 232, 1000, 1000, 1000, 1000, 39, 1000, 1000, 762, 1000, 58, 1000, 1000, 1000, 417, 12, 1000, 70, 1000, 1000, 1000, 1000, 1000, 1000, 1000, 1000, 1000, 1000, 1000, 1000, 1000, 1000, 1000, 1000, 1000, 1000, 1000, 1000, 1000, 40, 1000, 1000, 1000, 1000, 1000, 1000, 1000, 1000, 1000, 1000, 1000, 1000, 1000, 1000, 1000, 1000, 1000, 1000, 1000, 1000, 1000, 1000, 1000, 1000, 1000, 1000, 1000]","         ['3' '2']
         ['2' '3']
['5' '4']['0' '1']['5' '4']['1' '0']
['5' '4']['0' '1']['5' '4']['1' '0']
         ['3' '2']
         ['2' '3']
         ['2' '3']
         ['2' '3']
['4' '4']['0' '1']['5' '5']['0' '1']
['4' '4']['0' '1']['5' '5']['0' '1']
         ['3' '2']
         ['3' '2']
         ['2' '2']
         ['2' '2']
['4' '4']['0' '0']['5' '5']['1' '1']
['4' '4']['0' '0']['5' '5']['1' '1']
         ['3' '3']
         ['3' '3']
         ['2' '2']
         ['4' '4']
['4' '3']['0' '0']['2' '5']['1' '1']
['4' '3']['0' '0']['2' '5']['1' '1']
         ['5' '5']
         ['3' '3']
         ['4' '4']
         ['4' '4']
['3' '3']['0' '0']['2' '2']['1' '1']
['3' '3']['0' '0']['2' '2']['1' '1']
         ['5' '5']
         ['5' '5']
"
3,"[1, 1, 1, 1, 1, 3, 4, 2, 6, 5, 13, 8, 10, 4, 9, 231, 37, 202, 380, 5, 20, 169, 79, 20, 144, 374, 144, 699, 13, 1000, 856, 1000, 37, 232, 1000, 1000, 1000, 1000, 39, 1000, 1000, 762, 1000, 58, 1000, 1000, 1000, 417, 12, 1000, 70, 1000, 1000, 1000, 1000, 1000, 1000, 1000, 1000, 1000, 1000, 1000, 1000, 1000, 1000, 1000, 1000, 1000, 1000, 1000, 1000, 1000, 40, 1000, 1000, 1000, 1000, 1000, 1000, 1000, 1000, 1000, 1000, 1000, 1000, 1000, 1000, 1000, 1000, 1000, 1000, 1000, 1000, 1000, 1000, 1000, 1000, 1000, 1000, 1000]","         ['5' '4']
         ['5' '4']
['3' '3']['1' '0']['2' '2']['1' '0']
['3' '3']['1' '0']['2' '2']['1' '0']
         ['4' '5']
         ['4' '5']
         ['4' '4']
         ['4' '4']
['3' '3']['0' '0']['2' '2']['1' '1']
['3' '3']['0' '0']['2' '2']['1' '1']
         ['5' '5']
         ['5' '5']
"
4,"[1, 1, 1, 1, 1, 3, 4, 2, 6, 5, 13, 8, 10, 4, 9, 231, 37, 202, 380, 5, 20, 169, 79, 20, 144, 374, 144, 699, 13, 1000, 856, 1000, 37, 232, 1000, 1000, 1000, 1000, 39, 1000, 1000, 762, 1000, 58, 1000, 1000, 1000, 417, 12, 1000, 70, 1000, 1000, 1000, 1000, 1000, 1000, 1000, 1000, 1000, 1000, 1000, 1000, 1000, 1000, 1000, 1000, 1000, 1000, 1000, 1000, 1000, 40, 1000, 1000, 1000, 1000, 1000, 1000, 1000, 1000, 1000, 1000, 1000, 1000, 1000, 1000, 1000, 1000, 1000, 1000, 1000, 1000, 1000, 1000, 1000, 1000, 1000, 1000, 1000]","         ['3' '3']
         ['5' '5']
['5' '2']['0' '0']['3' '4']['1' '1']
['5' '2']['0' '0']['3' '4']['1' '1']
         ['4' '4']
         ['2' '2']
         ['4' '4']
         ['5' '5']
['3' '2']['0' '0']['3' '2']['1' '1']
['3' '2']['0' '0']['3' '2']['1' '1']
         ['4' '4']
         ['5' '5']
         ['4' '4']
         ['4' '4']
['3' '3']['0' '0']['2' '2']['1' '1']
['3' '3']['0' '0']['2' '2']['1' '1']
         ['5' '5']
         ['5' '5']
"
4,"[1, 1, 1, 1, 1, 3, 4, 2, 6, 5, 13, 8, 10, 4, 9, 231, 37, 202, 380, 5, 20, 169, 79, 20, 144, 374, 144, 699, 13, 1000, 856, 1000, 37, 232, 1000, 1000, 1000, 1000, 39, 1000, 1000, 762, 1000, 58, 1000, 1000, 1000, 417, 12, 1000, 70, 1000, 1000, 1000, 1000, 1000, 1000, 1000, 1000, 1000, 1000, 1000, 1000, 1000, 1000, 1000, 1000, 1000, 1000, 1000, 1000, 1000, 40, 1000, 1000, 1000, 1000, 1000, 1000, 1000, 1000, 1000, 1000, 1000, 1000, 1000, 1000, 1000, 1000, 1000, 1000, 1000, 1000, 1000, 1000, 1000, 1000, 1000, 1000, 1000]","         ['5' '5']
         ['4' '5']
['1' '0']['2' '3']['2' '2']['2' '3']
['3' '3']['1' '1']['0' '1']['0' '0']
         ['4' '5']
         ['4' '4']
         ['5' '5']
         ['4' '4']
['1' '0']['2' '2']['1' '0']['3' '3']
['3' '3']['1' '0']['2' '2']['1' '0']
         ['4' '5']
         ['4' '5']
         ['5' '4']
         ['5' '4']
['3' '3']['1' '0']['2' '2']['1' '0']
['3' '3']['1' '0']['2' '2']['1' '0']
         ['4' '5']
         ['4' '5']
         ['4' '4']
         ['4' '4']
['3' '3']['0' '0']['2' '2']['1' '1']
['3' '3']['0' '0']['2' '2']['1' '1']
         ['5' '5']
         ['5' '5']
"
4,"[1, 1, 1, 1, 1, 3, 4, 2, 6, 5, 13, 8, 10, 4, 9, 231, 37, 202, 380, 5, 20, 169, 79, 20, 144, 374, 144, 699, 13, 1000, 856, 1000, 37, 232, 1000, 1000, 1000, 1000, 39, 1000, 1000, 762, 1000, 58, 1000, 1000, 1000, 417, 12, 1000, 70, 1000, 1000, 1000, 1000, 1000, 1000, 1000, 1000, 1000, 1000, 1000, 1000, 1000, 1000, 1000, 1000, 1000, 1000, 1000, 1000, 1000, 40, 1000, 1000, 1000, 1000, 1000, 1000, 1000, 1000, 1000, 1000, 1000, 1000, 1000, 1000, 1000, 1000, 1000, 1000, 1000, 1000, 1000, 1000, 1000, 1000, 1000, 1000, 1000]","         ['0' '4']
         ['1' '2']
['4' '2']['5' '0']['5' '2']['1' '4']
['3' '5']['3' '1']['3' '4']['0' '2']
         ['1' '5']
         ['0' '3']
         ['4' '4']
         ['2' '2']
['3' '4']['0' '0']['5' '2']['1' '1']
['5' '2']['1' '1']['3' '4']['0' '0']
         ['5' '5']
         ['3' '3']
         ['4' '4']
         ['2' '2']
['3' '4']['0' '0']['5' '2']['1' '1']
['3' '4']['0' '0']['5' '2']['1' '1']
         ['3' '3']
         ['5' '5']
         ['4' '4']
         ['4' '4']
['3' '3']['0' '0']['2' '2']['1' '1']
['3' '3']['0' '0']['2' '2']['1' '1']
         ['5' '5']
         ['5' '5']
"
4,"[1, 1, 1, 1, 1, 3, 4, 2, 6, 5, 13, 8, 10, 4, 9, 231, 37, 202, 380, 5, 20, 169, 79, 20, 144, 374, 144, 699, 13, 1000, 856, 1000, 37, 232, 1000, 1000, 1000, 1000, 39, 1000, 1000, 762, 1000, 58, 1000, 1000, 1000, 417, 12, 1000, 70, 1000, 1000, 1000, 1000, 1000, 1000, 1000, 1000, 1000, 1000, 1000, 1000, 1000, 1000, 1000, 1000, 1000, 1000, 1000, 1000, 1000, 40, 1000, 1000, 1000, 1000, 1000, 1000, 1000, 1000, 1000, 1000, 1000, 1000, 1000, 1000, 1000, 1000, 1000, 1000, 1000, 1000, 1000, 1000, 1000, 1000, 1000, 1000, 1000]","         ['4' '4']
         ['4' '4']
['2' '2']['1' '1']['3' '3']['0' '0']
['2' '2']['1' '1']['3' '3']['0' '0']
         ['5' '5']
         ['5' '5']
         ['4' '4']
         ['4' '4']
['2' '2']['1' '1']['3' '3']['0' '0']
['3' '3']['0' '0']['2' '2']['1' '1']
         ['5' '5']
         ['5' '5']
         ['4' '4']
         ['4' '4']
['3' '3']['0' '0']['2' '2']['1' '1']
['3' '3']['0' '0']['2' '2']['1' '1']
         ['5' '5']
         ['5' '5']
"
4,"[1, 1, 1, 1, 1, 3, 4, 2, 6, 5, 13, 8, 10, 4, 9, 231, 37, 202, 380, 5, 20, 169, 79, 20, 144, 374, 144, 699, 13, 1000, 856, 1000, 37, 232, 1000, 1000, 1000, 1000, 39, 1000, 1000, 762, 1000, 58, 1000, 1000, 1000, 417, 12, 1000, 70, 1000, 1000, 1000, 1000, 1000, 1000, 1000, 1000, 1000, 1000, 1000, 1000, 1000, 1000, 1000, 1000, 1000, 1000, 1000, 1000, 1000, 40, 1000, 1000, 1000, 1000, 1000, 1000, 1000, 1000, 1000, 1000, 1000, 1000, 1000, 1000, 1000, 1000, 1000, 1000, 1000, 1000, 1000, 1000, 1000, 1000, 1000, 1000, 1000]","         ['1' '1']
         ['1' '3']
['5' '3']['4' '4']['2' '1']['5' '5']
['3' '3']['4' '0']['2' '4']['2' '2']
         ['0' '5']
         ['0' '0']
         ['4' '1']
         ['4' '3']
['3' '3']['0' '4']['2' '1']['5' '1']
['5' '3']['0' '0']['2' '4']['2' '1']
         ['5' '5']
         ['2' '0']
         ['4' '1']
         ['4' '3']
['3' '3']['0' '4']['2' '1']['5' '1']
['0' '0']['2' '4']['2' '1']['5' '3']
         ['5' '0']
         ['5' '2']
         ['4' '4']
         ['4' '4']
['3' '3']['0' '0']['2' '2']['1' '1']
['0' '0']['2' '2']['1' '1']['3' '3']
         ['5' '5']
         ['5' '5']
         ['4' '4']
         ['4' '4']
['3' '3']['0' '0']['2' '2']['1' '1']
['3' '3']['0' '0']['2' '2']['1' '1']
         ['5' '5']
         ['5' '5']
"
5,"[1, 1, 1, 1, 1, 3, 4, 2, 6, 5, 13, 8, 10, 4, 9, 231, 37, 202, 380, 5, 20, 169, 79, 20, 144, 374, 144, 699, 13, 1000, 856, 1000, 37, 232, 1000, 1000, 1000, 1000, 39, 1000, 1000, 762, 1000, 58, 1000, 1000, 1000, 417, 12, 1000, 70, 1000, 1000, 1000, 1000, 1000, 1000, 1000, 1000, 1000, 1000, 1000, 1000, 1000, 1000, 1000, 1000, 1000, 1000, 1000, 1000, 1000, 40, 1000, 1000, 1000, 1000, 1000, 1000, 1000, 1000, 1000, 1000, 1000, 1000, 1000, 1000, 1000, 1000, 1000, 1000, 1000, 1000, 1000, 1000, 1000, 1000, 1000, 1000, 1000]","         ['1' '5']
         ['2' '5']
['2' '0']['2' '0']['1' '4']['5' '4']
['0' '0']['2' '3']['3' '1']['1' '3']
         ['3' '4']
         ['5' '4']
         ['1' '4']
         ['2' '4']
['2' '0']['2' '5']['1' '3']['0' '4']
['0' '0']['2' '1']['4' '1']['3' '3']
         ['3' '5']
         ['5' '5']
         ['1' '4']
         ['1' '4']
['2' '2']['5' '1']['3' '3']['0' '4']
['0' '4']['2' '2']['5' '1']['3' '3']
         ['0' '0']
         ['5' '5']
         ['1' '4']
         ['1' '4']
['2' '2']['5' '1']['3' '3']['0' '4']
['2' '2']['5' '1']['3' '3']['0' '4']
         ['0' '5']
         ['0' '5']
         ['4' '4']
         ['4' '4']
['2' '2']['1' '1']['3' '3']['0' '0']
['2' '2']['1' '1']['3' '3']['0' '0']
         ['5' '5']
         ['5' '5']
         ['4' '4']
         ['4' '4']
['2' '2']['1' '1']['3' '3']['0' '0']
['3' '3']['0' '0']['2' '2']['1' '1']
         ['5' '5']
         ['5' '5']
         ['4' '4']
         ['4' '4']
['3' '3']['0' '0']['2' '2']['1' '1']
['3' '3']['0' '0']['2' '2']['1' '1']
         ['5' '5']
         ['5' '5']
"
5,"[1, 1, 1, 1, 1, 3, 4, 2, 6, 5, 13, 8, 10, 4, 9, 231, 37, 202, 380, 5, 20, 169, 79, 20, 144, 374, 144, 699, 13, 1000, 856, 1000, 37, 232, 1000, 1000, 1000, 1000, 39, 1000, 1000, 762, 1000, 58, 1000, 1000, 1000, 417, 12, 1000, 70, 1000, 1000, 1000, 1000, 1000, 1000, 1000, 1000, 1000, 1000, 1000, 1000, 1000, 1000, 1000, 1000, 1000, 1000, 1000, 1000, 1000, 40, 1000, 1000, 1000, 1000, 1000, 1000, 1000, 1000, 1000, 1000, 1000, 1000, 1000, 1000, 1000, 1000, 1000, 1000, 1000, 1000, 1000, 1000, 1000, 1000, 1000, 1000, 1000]","         ['1' '4']
         ['2' '4']
['1' '3']['4' '0']['2' '2']['1' '5']
['4' '3']['0' '0']['2' '5']['1' '3']
         ['5' '5']
         ['0' '3']
         ['1' '4']
         ['2' '4']
['1' '3']['4' '0']['2' '2']['1' '5']
['1' '3']['4' '3']['0' '0']['2' '5']
         ['0' '5']
         ['3' '5']
         ['4' '4']
         ['4' '4']
['3' '3']['0' '0']['2' '2']['1' '1']
['1' '1']['3' '3']['0' '0']['2' '2']
         ['5' '5']
         ['5' '5']
         ['4' '4']
         ['4' '4']
['3' '3']['0' '0']['2' '2']['1' '1']
['3' '3']['0' '0']['2' '2']['1' '1']
         ['5' '5']
         ['5' '5']
"
5,"[1, 1, 1, 1, 1, 3, 4, 2, 6, 5, 13, 8, 10, 4, 9, 231, 37, 202, 380, 5, 20, 169, 79, 20, 144, 374, 144, 699, 13, 1000, 856, 1000, 37, 232, 1000, 1000, 1000, 1000, 39, 1000, 1000, 762, 1000, 58, 1000, 1000, 1000, 417, 12, 1000, 70, 1000, 1000, 1000, 1000, 1000, 1000, 1000, 1000, 1000, 1000, 1000, 1000, 1000, 1000, 1000, 1000, 1000, 1000, 1000, 1000, 1000, 40, 1000, 1000, 1000, 1000, 1000, 1000, 1000, 1000, 1000, 1000, 1000, 1000, 1000, 1000, 1000, 1000, 1000, 1000, 1000, 1000, 1000, 1000, 1000, 1000, 1000, 1000, 1000]","         ['0' '3']
         ['1' '5']
['3' '4']['3' '1']['3' '5']['0' '2']
['4' '2']['4' '1']['5' '2']['0' '4']
         ['0' '2']
         ['1' '5']
         ['3' '3']
         ['4' '5']
['4' '2']['0' '1']['3' '5']['0' '0']
['3' '4']['1' '1']['5' '2']['0' '1']
         ['2' '2']
         ['4' '5']
         ['3' '3']
         ['4' '5']
['4' '2']['0' '1']['3' '5']['0' '0']
['5' '2']['0' '1']['3' '4']['1' '1']
         ['5' '4']
         ['2' '2']
         ['5' '4']
         ['4' '5']
['3' '2']['0' '1']['3' '2']['1' '0']
['3' '2']['0' '1']['3' '2']['1' '0']
         ['5' '4']
         ['4' '5']
         ['5' '4']
         ['5' '4']
['3' '3']['1' '0']['2' '2']['1' '0']
['3' '3']['1' '0']['2' '2']['1' '0']
         ['4' '5']
         ['4' '5']
         ['4' '4']
         ['4' '4']
['3' '3']['0' '0']['2' '2']['1' '1']
['3' '3']['0' '0']['2' '2']['1' '1']
         ['5' '5']
         ['5' '5']
"
5,"[1, 1, 1, 1, 1, 3, 4, 2, 6, 5, 13, 8, 10, 4, 9, 231, 37, 202, 380, 5, 20, 169, 79, 20, 144, 374, 144, 699, 13, 1000, 856, 1000, 37, 232, 1000, 1000, 1000, 1000, 39, 1000, 1000, 762, 1000, 58, 1000, 1000, 1000, 417, 12, 1000, 70, 1000, 1000, 1000, 1000, 1000, 1000, 1000, 1000, 1000, 1000, 1000, 1000, 1000, 1000, 1000, 1000, 1000, 1000, 1000, 1000, 1000, 40, 1000, 1000, 1000, 1000, 1000, 1000, 1000, 1000, 1000, 1000, 1000, 1000, 1000, 1000, 1000, 1000, 1000, 1000, 1000, 1000, 1000, 1000, 1000, 1000, 1000, 1000, 1000]","         ['2' '1']
         ['4' '1']
['4' '3']['0' '2']['5' '5']['5' '1']
['4' '3']['0' '4']['2' '2']['3' '1']
         ['5' '0']
         ['3' '0']
         ['2' '2']
         ['4' '4']
['4' '3']['0' '0']['2' '5']['1' '1']
['4' '3']['0' '0']['2' '5']['1' '1']
         ['5' '5']
         ['3' '3']
         ['4' '4']
         ['4' '4']
['3' '3']['0' '0']['2' '2']['1' '1']
['3' '3']['0' '0']['2' '2']['1' '1']
         ['5' '5']
         ['5' '5']
"
5,"[1, 1, 1, 1, 1, 3, 4, 2, 6, 5, 13, 8, 10, 4, 9, 231, 37, 202, 380, 5, 20, 169, 79, 20, 144, 374, 144, 699, 13, 1000, 856, 1000, 37, 232, 1000, 1000, 1000, 1000, 39, 1000, 1000, 762, 1000, 58, 1000, 1000, 1000, 417, 12, 1000, 70, 1000, 1000, 1000, 1000, 1000, 1000, 1000, 1000, 1000, 1000, 1000, 1000, 1000, 1000, 1000, 1000, 1000, 1000, 1000, 1000, 1000, 40, 1000, 1000, 1000, 1000, 1000, 1000, 1000, 1000, 1000, 1000, 1000, 1000, 1000, 1000, 1000, 1000, 1000, 1000, 1000, 1000, 1000, 1000, 1000, 1000, 1000, 1000, 1000]",Failed
6,"[1, 1, 1, 1, 1, 3, 4, 2, 6, 5, 13, 8, 10, 4, 9, 231, 37, 202, 380, 5, 20, 169, 79, 20, 144, 374, 144, 699, 13, 1000, 856, 1000, 37, 232, 1000, 1000, 1000, 1000, 39, 1000, 1000, 762, 1000, 58, 1000, 1000, 1000, 417, 12, 1000, 70, 1000, 1000, 1000, 1000, 1000, 1000, 1000, 1000, 1000, 1000, 1000, 1000, 1000, 1000, 1000, 1000, 1000, 1000, 1000, 1000, 1000, 40, 1000, 1000, 1000, 1000, 1000, 1000, 1000, 1000, 1000, 1000, 1000, 1000, 1000, 1000, 1000, 1000, 1000, 1000, 1000, 1000, 1000, 1000, 1000, 1000, 1000, 1000, 1000]","         ['3' '2']
         ['3' '2']
['1' '1']['5' '4']['1' '1']['5' '4']
['4' '5']['0' '0']['4' '5']['0' '0']
         ['2' '2']
         ['3' '3']
         ['2' '2']
         ['3' '3']
['5' '4']['1' '1']['5' '4']['1' '1']
['4' '5']['0' '0']['4' '5']['0' '0']
         ['2' '2']
         ['3' '3']
         ['3' '3']
         ['3' '3']
['4' '4']['1' '1']['5' '5']['0' '0']
['5' '5']['0' '0']['4' '4']['1' '1']
         ['2' '2']
         ['2' '2']
         ['3' '3']
         ['3' '3']
['5' '5']['0' '0']['4' '4']['1' '1']
['5' '5']['0' '0']['4' '4']['1' '1']
         ['2' '2']
         ['2' '2']
         ['4' '4']
         ['3' '3']
['3' '5']['0' '0']['4' '2']['1' '1']
['3' '5']['0' '0']['4' '2']['1' '1']
         ['2' '2']
         ['5' '5']
         ['4' '4']
         ['4' '4']
['3' '3']['0' '0']['2' '2']['1' '1']
['3' '3']['0' '0']['2' '2']['1' '1']
         ['5' '5']
         ['5' '5']
"
6,"[1, 1, 1, 1, 1, 3, 4, 2, 6, 5, 13, 8, 10, 4, 9, 231, 37, 202, 380, 5, 20, 169, 79, 20, 144, 374, 144, 699, 13, 1000, 856, 1000, 37, 232, 1000, 1000, 1000, 1000, 39, 1000, 1000, 762, 1000, 58, 1000, 1000, 1000, 417, 12, 1000, 70, 1000, 1000, 1000, 1000, 1000, 1000, 1000, 1000, 1000, 1000, 1000, 1000, 1000, 1000, 1000, 1000, 1000, 1000, 1000, 1000, 1000, 40, 1000, 1000, 1000, 1000, 1000, 1000, 1000, 1000, 1000, 1000, 1000, 1000, 1000, 1000, 1000, 1000, 1000, 1000, 1000, 1000, 1000, 1000, 1000, 1000, 1000, 1000, 1000]",Failed
6,"[1, 1, 1, 1, 1, 3, 4, 2, 6, 5, 13, 8, 10, 4, 9, 231, 37, 202, 380, 5, 20, 169, 79, 20, 144, 374, 144, 699, 13, 1000, 856, 1000, 37, 232, 1000, 1000, 1000, 1000, 39, 1000, 1000, 762, 1000, 58, 1000, 1000, 1000, 417, 12, 1000, 70, 1000, 1000, 1000, 1000, 1000, 1000, 1000, 1000, 1000, 1000, 1000, 1000, 1000, 1000, 1000, 1000, 1000, 1000, 1000, 1000, 1000, 40, 1000, 1000, 1000, 1000, 1000, 1000, 1000, 1000, 1000, 1000, 1000, 1000, 1000, 1000, 1000, 1000, 1000, 1000, 1000, 1000, 1000, 1000, 1000, 1000, 1000, 1000, 1000]","         ['1' '5']
         ['5' '5']
['2' '1']['0' '0']['0' '3']['1' '3']
['4' '2']['5' '2']['3' '3']['1' '4']
         ['2' '4']
         ['0' '4']
         ['1' '5']
         ['1' '2']
['2' '2']['5' '0']['5' '3']['1' '3']
['4' '4']['2' '0']['5' '3']['1' '4']
         ['0' '3']
         ['0' '4']
         ['5' '5']
         ['2' '2']
['2' '4']['0' '0']['5' '3']['1' '1']
['2' '4']['0' '0']['5' '3']['1' '1']
         ['3' '3']
         ['4' '4']
         ['5' '5']
         ['4' '4']
['2' '3']['0' '0']['2' '3']['1' '1']
['2' '3']['0' '0']['2' '3']['1' '1']
         ['5' '5']
         ['4' '4']
         ['4' '4']
         ['4' '4']
['3' '3']['0' '0']['2' '2']['1' '1']
['3' '3']['0' '0']['2' '2']['1' '1']
         ['5' '5']
         ['5' '5']
"
6,"[1, 1, 1, 1, 1, 3, 4, 2, 6, 5, 13, 8, 10, 4, 9, 231, 37, 202, 380, 5, 20, 169, 79, 20, 144, 374, 144, 699, 13, 1000, 856, 1000, 37, 232, 1000, 1000, 1000, 1000, 39, 1000, 1000, 762, 1000, 58, 1000, 1000, 1000, 417, 12, 1000, 70, 1000, 1000, 1000, 1000, 1000, 1000, 1000, 1000, 1000, 1000, 1000, 1000, 1000, 1000, 1000, 1000, 1000, 1000, 1000, 1000, 1000, 40, 1000, 1000, 1000, 1000, 1000, 1000, 1000, 1000, 1000, 1000, 1000, 1000, 1000, 1000, 1000, 1000, 1000, 1000, 1000, 1000, 1000, 1000, 1000, 1000, 1000, 1000, 1000]","         ['5' '3']
         ['5' '1']
['0' '0']['2' '5']['3' '0']['4' '3']
['3' '2']['1' '4']['2' '0']['4' '1']
         ['5' '2']
         ['4' '1']
         ['5' '4']
         ['5' '4']
['0' '0']['2' '3']['0' '0']['2' '3']
['3' '2']['1' '1']['3' '2']['1' '1']
         ['5' '5']
         ['4' '4']
         ['5' '5']
         ['4' '4']
['2' '3']['0' '0']['2' '3']['0' '0']
['3' '2']['1' '1']['3' '2']['1' '1']
         ['5' '5']
         ['4' '4']
         ['4' '4']
         ['4' '4']
['3' '3']['0' '0']['2' '2']['1' '1']
['2' '2']['1' '1']['3' '3']['0' '0']
         ['5' '5']
         ['5' '5']
         ['4' '4']
         ['4' '4']
['3' '3']['0' '0']['2' '2']['1' '1']
['3' '3']['0' '0']['2' '2']['1' '1']
         ['5' '5']
         ['5' '5']
"
6,"[1, 1, 1, 1, 1, 3, 4, 2, 6, 5, 13, 8, 10, 4, 9, 231, 37, 202, 380, 5, 20, 169, 79, 20, 144, 374, 144, 699, 13, 1000, 856, 1000, 37, 232, 1000, 1000, 1000, 1000, 39, 1000, 1000, 762, 1000, 58, 1000, 1000, 1000, 417, 12, 1000, 70, 1000, 1000, 1000, 1000, 1000, 1000, 1000, 1000, 1000, 1000, 1000, 1000, 1000, 1000, 1000, 1000, 1000, 1000, 1000, 1000, 1000, 40, 1000, 1000, 1000, 1000, 1000, 1000, 1000, 1000, 1000, 1000, 1000, 1000, 1000, 1000, 1000, 1000, 1000, 1000, 1000, 1000, 1000, 1000, 1000, 1000, 1000, 1000, 1000]",Failed
7,"[1, 1, 1, 1, 1, 3, 4, 2, 6, 5, 13, 8, 10, 4, 9, 231, 37, 202, 380, 5, 20, 169, 79, 20, 144, 374, 144, 699, 13, 1000, 856, 1000, 37, 232, 1000, 1000, 1000, 1000, 39, 1000, 1000, 762, 1000, 58, 1000, 1000, 1000, 417, 12, 1000, 70, 1000, 1000, 1000, 1000, 1000, 1000, 1000, 1000, 1000, 1000, 1000, 1000, 1000, 1000, 1000, 1000, 1000, 1000, 1000, 1000, 1000, 40, 1000, 1000, 1000, 1000, 1000, 1000, 1000, 1000, 1000, 1000, 1000, 1000, 1000, 1000, 1000, 1000, 1000, 1000, 1000, 1000, 1000, 1000, 1000, 1000, 1000, 1000, 1000]",Failed
7,"[1, 1, 1, 1, 1, 3, 4, 2, 6, 5, 13, 8, 10, 4, 9, 231, 37, 202, 380, 5, 20, 169, 79, 20, 144, 374, 144, 699, 13, 1000, 856, 1000, 37, 232, 1000, 1000, 1000, 1000, 39, 1000, 1000, 762, 1000, 58, 1000, 1000, 1000, 417, 12, 1000, 70, 1000, 1000, 1000, 1000, 1000, 1000, 1000, 1000, 1000, 1000, 1000, 1000, 1000, 1000, 1000, 1000, 1000, 1000, 1000, 1000, 1000, 40, 1000, 1000, 1000, 1000, 1000, 1000, 1000, 1000, 1000, 1000, 1000, 1000, 1000, 1000, 1000, 1000, 1000, 1000, 1000, 1000, 1000, 1000, 1000, 1000, 1000, 1000, 1000]",Failed
7,"[1, 1, 1, 1, 1, 3, 4, 2, 6, 5, 13, 8, 10, 4, 9, 231, 37, 202, 380, 5, 20, 169, 79, 20, 144, 374, 144, 699, 13, 1000, 856, 1000, 37, 232, 1000, 1000, 1000, 1000, 39, 1000, 1000, 762, 1000, 58, 1000, 1000, 1000, 417, 12, 1000, 70, 1000, 1000, 1000, 1000, 1000, 1000, 1000, 1000, 1000, 1000, 1000, 1000, 1000, 1000, 1000, 1000, 1000, 1000, 1000, 1000, 1000, 40, 1000, 1000, 1000, 1000, 1000, 1000, 1000, 1000, 1000, 1000, 1000, 1000, 1000, 1000, 1000, 1000, 1000, 1000, 1000, 1000, 1000, 1000, 1000, 1000, 1000, 1000, 1000]",Failed
7,"[1, 1, 1, 1, 1, 3, 4, 2, 6, 5, 13, 8, 10, 4, 9, 231, 37, 202, 380, 5, 20, 169, 79, 20, 144, 374, 144, 699, 13, 1000, 856, 1000, 37, 232, 1000, 1000, 1000, 1000, 39, 1000, 1000, 762, 1000, 58, 1000, 1000, 1000, 417, 12, 1000, 70, 1000, 1000, 1000, 1000, 1000, 1000, 1000, 1000, 1000, 1000, 1000, 1000, 1000, 1000, 1000, 1000, 1000, 1000, 1000, 1000, 1000, 40, 1000, 1000, 1000, 1000, 1000, 1000, 1000, 1000, 1000, 1000, 1000, 1000, 1000, 1000, 1000, 1000, 1000, 1000, 1000, 1000, 1000, 1000, 1000, 1000, 1000, 1000, 1000]","         ['2' '2']
         ['0' '5']
['1' '2']['0' '4']['3' '0']['1' '1']
['4' '2']['0' '4']['3' '5']['5' '5']
         ['1' '4']
         ['3' '3']
         ['1' '4']
         ['0' '5']
['3' '2']['0' '4']['3' '2']['1' '5']
['3' '2']['0' '4']['3' '2']['1' '5']
         ['1' '4']
         ['0' '5']
         ['1' '4']
         ['1' '4']
['3' '3']['4' '0']['2' '2']['1' '5']
['3' '3']['4' '0']['2' '2']['1' '5']
         ['0' '5']
         ['0' '5']
         ['4' '4']
         ['4' '4']
['3' '3']['0' '0']['2' '2']['1' '1']
['3' '3']['0' '0']['2' '2']['1' '1']
         ['5' '5']
         ['5' '5']
"
7,"[1, 1, 1, 1, 1, 3, 4, 2, 6, 5, 13, 8, 10, 4, 9, 231, 37, 202, 380, 5, 20, 169, 79, 20, 144, 374, 144, 699, 13, 1000, 856, 1000, 37, 232, 1000, 1000, 1000, 1000, 39, 1000, 1000, 762, 1000, 58, 1000, 1000, 1000, 417, 12, 1000, 70, 1000, 1000, 1000, 1000, 1000, 1000, 1000, 1000, 1000, 1000, 1000, 1000, 1000, 1000, 1000, 1000, 1000, 1000, 1000, 1000, 1000, 40, 1000, 1000, 1000, 1000, 1000, 1000, 1000, 1000, 1000, 1000, 1000, 1000, 1000, 1000, 1000, 1000, 1000, 1000, 1000, 1000, 1000, 1000, 1000, 1000, 1000, 1000, 1000]",Failed
8,"[1, 1, 1, 1, 1, 3, 4, 2, 6, 5, 13, 8, 10, 4, 9, 231, 37, 202, 380, 5, 20, 169, 79, 20, 144, 374, 144, 699, 13, 1000, 856, 1000, 37, 232, 1000, 1000, 1000, 1000, 39, 1000, 1000, 762, 1000, 58, 1000, 1000, 1000, 417, 12, 1000, 70, 1000, 1000, 1000, 1000, 1000, 1000, 1000, 1000, 1000, 1000, 1000, 1000, 1000, 1000, 1000, 1000, 1000, 1000, 1000, 1000, 1000, 40, 1000, 1000, 1000, 1000, 1000, 1000, 1000, 1000, 1000, 1000, 1000, 1000, 1000, 1000, 1000, 1000, 1000, 1000, 1000, 1000, 1000, 1000, 1000, 1000, 1000, 1000, 1000]",Failed
8,"[1, 1, 1, 1, 1, 3, 4, 2, 6, 5, 13, 8, 10, 4, 9, 231, 37, 202, 380, 5, 20, 169, 79, 20, 144, 374, 144, 699, 13, 1000, 856, 1000, 37, 232, 1000, 1000, 1000, 1000, 39, 1000, 1000, 762, 1000, 58, 1000, 1000, 1000, 417, 12, 1000, 70, 1000, 1000, 1000, 1000, 1000, 1000, 1000, 1000, 1000, 1000, 1000, 1000, 1000, 1000, 1000, 1000, 1000, 1000, 1000, 1000, 1000, 40, 1000, 1000, 1000, 1000, 1000, 1000, 1000, 1000, 1000, 1000, 1000, 1000, 1000, 1000, 1000, 1000, 1000, 1000, 1000, 1000, 1000, 1000, 1000, 1000, 1000, 1000, 1000]","         ['3' '4']
         ['2' '5']
['2' '5']['0' '0']['4' '3']['0' '0']
['5' '2']['1' '1']['3' '4']['1' '1']
         ['4' '3']
         ['5' '2']
         ['4' '4']
         ['5' '5']
['2' '5']['0' '0']['4' '3']['0' '0']
['5' '2']['1' '1']['3' '4']['1' '1']
         ['3' '3']
         ['2' '2']
         ['4' '4']
         ['3' '3']
['2' '4']['1' '1']['5' '3']['0' '0']
['5' '3']['0' '0']['2' '4']['1' '1']
         ['5' '5']
         ['2' '2']
         ['3' '3']
         ['4' '4']
['5' '3']['0' '0']['2' '4']['1' '1']
['5' '3']['0' '0']['2' '4']['1' '1']
         ['5' '5']
         ['2' '2']
         ['4' '4']
         ['4' '4']
['3' '3']['0' '0']['2' '2']['1' '1']
['3' '3']['0' '0']['2' '2']['1' '1']
         ['5' '5']
         ['5' '5']
"
8,"[1, 1, 1, 1, 1, 3, 4, 2, 6, 5, 13, 8, 10, 4, 9, 231, 37, 202, 380, 5, 20, 169, 79, 20, 144, 374, 144, 699, 13, 1000, 856, 1000, 37, 232, 1000, 1000, 1000, 1000, 39, 1000, 1000, 762, 1000, 58, 1000, 1000, 1000, 417, 12, 1000, 70, 1000, 1000, 1000, 1000, 1000, 1000, 1000, 1000, 1000, 1000, 1000, 1000, 1000, 1000, 1000, 1000, 1000, 1000, 1000, 1000, 1000, 40, 1000, 1000, 1000, 1000, 1000, 1000, 1000, 1000, 1000, 1000, 1000, 1000, 1000, 1000, 1000, 1000, 1000, 1000, 1000, 1000, 1000, 1000, 1000, 1000, 1000, 1000, 1000]",Failed
8,"[1, 1, 1, 1, 1, 3, 4, 2, 6, 5, 13, 8, 10, 4, 9, 231, 37, 202, 380, 5, 20, 169, 79, 20, 144, 374, 144, 699, 13, 1000, 856, 1000, 37, 232, 1000, 1000, 1000, 1000, 39, 1000, 1000, 762, 1000, 58, 1000, 1000, 1000, 417, 12, 1000, 70, 1000, 1000, 1000, 1000, 1000, 1000, 1000, 1000, 1000, 1000, 1000, 1000, 1000, 1000, 1000, 1000, 1000, 1000, 1000, 1000, 1000, 40, 1000, 1000, 1000, 1000, 1000, 1000, 1000, 1000, 1000, 1000, 1000, 1000, 1000, 1000, 1000, 1000, 1000, 1000, 1000, 1000, 1000, 1000, 1000, 1000, 1000, 1000, 1000]","         ['1' '1']
         ['1' '4']
['2' '2']['5' '0']['2' '3']['4' '4']
['3' '3']['0' '0']['2' '3']['4' '1']
         ['5' '0']
         ['5' '5']
         ['1' '4']
         ['1' '4']
['2' '2']['5' '1']['3' '3']['0' '4']
['3' '3']['0' '4']['2' '2']['5' '1']
         ['5' '0']
         ['5' '0']
         ['4' '1']
         ['4' '1']
['3' '3']['0' '4']['2' '2']['5' '1']
['3' '3']['0' '4']['2' '2']['5' '1']
         ['5' '0']
         ['5' '0']
         ['4' '4']
         ['4' '4']
['3' '3']['0' '0']['2' '2']['1' '1']
['3' '3']['0' '0']['2' '2']['1' '1']
         ['5' '5']
         ['5' '5']
"
8,"[1, 1, 1, 1, 1, 3, 4, 2, 6, 5, 13, 8, 10, 4, 9, 231, 37, 202, 380, 5, 20, 169, 79, 20, 144, 374, 144, 699, 13, 1000, 856, 1000, 37, 232, 1000, 1000, 1000, 1000, 39, 1000, 1000, 762, 1000, 58, 1000, 1000, 1000, 417, 12, 1000, 70, 1000, 1000, 1000, 1000, 1000, 1000, 1000, 1000, 1000, 1000, 1000, 1000, 1000, 1000, 1000, 1000, 1000, 1000, 1000, 1000, 1000, 40, 1000, 1000, 1000, 1000, 1000, 1000, 1000, 1000, 1000, 1000, 1000, 1000, 1000, 1000, 1000, 1000, 1000, 1000, 1000, 1000, 1000, 1000, 1000, 1000, 1000, 1000, 1000]",Failed
9,"[1, 1, 1, 1, 1, 3, 4, 2, 6, 5, 13, 8, 10, 4, 9, 231, 37, 202, 380, 5, 20, 169, 79, 20, 144, 374, 144, 699, 13, 1000, 856, 1000, 37, 232, 1000, 1000, 1000, 1000, 39, 1000, 1000, 762, 1000, 58, 1000, 1000, 1000, 417, 12, 1000, 70, 1000, 1000, 1000, 1000, 1000, 1000, 1000, 1000, 1000, 1000, 1000, 1000, 1000, 1000, 1000, 1000, 1000, 1000, 1000, 1000, 1000, 40, 1000, 1000, 1000, 1000, 1000, 1000, 1000, 1000, 1000, 1000, 1000, 1000, 1000, 1000, 1000, 1000, 1000, 1000, 1000, 1000, 1000, 1000, 1000, 1000, 1000, 1000, 1000]",Failed
9,"[1, 1, 1, 1, 1, 3, 4, 2, 6, 5, 13, 8, 10, 4, 9, 231, 37, 202, 380, 5, 20, 169, 79, 20, 144, 374, 144, 699, 13, 1000, 856, 1000, 37, 232, 1000, 1000, 1000, 1000, 39, 1000, 1000, 762, 1000, 58, 1000, 1000, 1000, 417, 12, 1000, 70, 1000, 1000, 1000, 1000, 1000, 1000, 1000, 1000, 1000, 1000, 1000, 1000, 1000, 1000, 1000, 1000, 1000, 1000, 1000, 1000, 1000, 40, 1000, 1000, 1000, 1000, 1000, 1000, 1000, 1000, 1000, 1000, 1000, 1000, 1000, 1000, 1000, 1000, 1000, 1000, 1000, 1000, 1000, 1000, 1000, 1000, 1000, 1000, 1000]",Failed
9,"[1, 1, 1, 1, 1, 3, 4, 2, 6, 5, 13, 8, 10, 4, 9, 231, 37, 202, 380, 5, 20, 169, 79, 20, 144, 374, 144, 699, 13, 1000, 856, 1000, 37, 232, 1000, 1000, 1000, 1000, 39, 1000, 1000, 762, 1000, 58, 1000, 1000, 1000, 417, 12, 1000, 70, 1000, 1000, 1000, 1000, 1000, 1000, 1000, 1000, 1000, 1000, 1000, 1000, 1000, 1000, 1000, 1000, 1000, 1000, 1000, 1000, 1000, 40, 1000, 1000, 1000, 1000, 1000, 1000, 1000, 1000, 1000, 1000, 1000, 1000, 1000, 1000, 1000, 1000, 1000, 1000, 1000, 1000, 1000, 1000, 1000, 1000, 1000, 1000, 1000]","         ['2' '3']
         ['5' '2']
['1' '1']['4' '4']['5' '4']['4' '1']
['0' '0']['0' '1']['3' '0']['2' '3']
         ['5' '3']
         ['5' '2']
         ['4' '3']
         ['0' '2']
['1' '0']['5' '4']['5' '4']['4' '2']
['1' '0']['5' '1']['3' '0']['2' '5']
         ['1' '3']
         ['3' '2']
         ['4' '3']
         ['1' '3']
['1' '5']['1' '5']['0' '4']['4' '2']
['1' '3']['4' '5']['0' '0']['2' '5']
         ['0' '2']
         ['3' '2']
         ['4' '4']
         ['1' '2']
['1' '5']['1' '3']['4' '0']['2' '2']
['1' '3']['4' '3']['0' '0']['2' '5']
         ['0' '5']
         ['3' '5']
         ['1' '4']
         ['2' '4']
['1' '3']['4' '0']['2' '2']['1' '5']
['1' '3']['4' '3']['0' '0']['2' '5']
         ['0' '5']
         ['3' '5']
         ['4' '4']
         ['4' '4']
['3' '3']['0' '0']['2' '2']['1' '1']
['1' '1']['3' '3']['0' '0']['2' '2']
         ['5' '5']
         ['5' '5']
         ['4' '4']
         ['4' '4']
['3' '3']['0' '0']['2' '2']['1' '1']
['3' '3']['0' '0']['2' '2']['1' '1']
         ['5' '5']
         ['5' '5']
"
9,"[1, 1, 1, 1, 1, 3, 4, 2, 6, 5, 13, 8, 10, 4, 9, 231, 37, 202, 380, 5, 20, 169, 79, 20, 144, 374, 144, 699, 13, 1000, 856, 1000, 37, 232, 1000, 1000, 1000, 1000, 39, 1000, 1000, 762, 1000, 58, 1000, 1000, 1000, 417, 12, 1000, 70, 1000, 1000, 1000, 1000, 1000, 1000, 1000, 1000, 1000, 1000, 1000, 1000, 1000, 1000, 1000, 1000, 1000, 1000, 1000, 1000, 1000, 40, 1000, 1000, 1000, 1000, 1000, 1000, 1000, 1000, 1000, 1000, 1000, 1000, 1000, 1000, 1000, 1000, 1000, 1000, 1000, 1000, 1000, 1000, 1000, 1000, 1000, 1000, 1000]","         ['2' '1']
         ['0' '4']
['0' '3']['5' '2']['1' '5']['5' '1']
['4' '3']['5' '4']['2' '2']['3' '4']
         ['1' '0']
         ['3' '0']
         ['2' '2']
         ['0' '4']
['0' '3']['5' '0']['2' '1']['1' '1']
['4' '3']['5' '0']['2' '5']['4' '4']
         ['1' '5']
         ['3' '3']
         ['0' '4']
         ['0' '4']
['3' '3']['5' '0']['2' '2']['1' '4']
['3' '3']['5' '0']['2' '2']['1' '4']
         ['1' '5']
         ['1' '5']
         ['4' '4']
         ['4' '4']
['3' '3']['0' '0']['2' '2']['1' '1']
['3' '3']['0' '0']['2' '2']['1' '1']
         ['5' '5']
         ['5' '5']
"
9,"[1, 1, 1, 1, 1, 3, 4, 2, 6, 5, 13, 8, 10, 4, 9, 231, 37, 202, 380, 5, 20, 169, 79, 20, 144, 374, 144, 699, 13, 1000, 856, 1000, 37, 232, 1000, 1000, 1000, 1000, 39, 1000, 1000, 762, 1000, 58, 1000, 1000, 1000, 417, 12, 1000, 70, 1000, 1000, 1000, 1000, 1000, 1000, 1000, 1000, 1000, 1000, 1000, 1000, 1000, 1000, 1000, 1000, 1000, 1000, 1000, 1000, 1000, 40, 1000, 1000, 1000, 1000, 1000, 1000, 1000, 1000, 1000, 1000, 1000, 1000, 1000, 1000, 1000, 1000, 1000, 1000, 1000, 1000, 1000, 1000, 1000, 1000, 1000, 1000, 1000]",Failed
10,"[1, 1, 1, 1, 1, 3, 4, 2, 6, 5, 13, 8, 10, 4, 9, 231, 37, 202, 380, 5, 20, 169, 79, 20, 144, 374, 144, 699, 13, 1000, 856, 1000, 37, 232, 1000, 1000, 1000, 1000, 39, 1000, 1000, 762, 1000, 58, 1000, 1000, 1000, 417, 12, 1000, 70, 1000, 1000, 1000, 1000, 1000, 1000, 1000, 1000, 1000, 1000, 1000, 1000, 1000, 1000, 1000, 1000, 1000, 1000, 1000, 1000, 1000, 40, 1000, 1000, 1000, 1000, 1000, 1000, 1000, 1000, 1000, 1000, 1000, 1000, 1000, 1000, 1000, 1000, 1000, 1000, 1000, 1000, 1000, 1000, 1000, 1000, 1000, 1000, 1000]","         ['2' '2']
         ['4' '0']
['3' '3']['0' '5']['2' '1']['4' '3']
['0' '1']['5' '3']['0' '1']['4' '1']
         ['2' '5']
         ['5' '4']
         ['3' '0']
         ['4' '0']
['5' '3']['0' '5']['2' '2']['3' '1']
['4' '1']['5' '3']['0' '2']['4' '4']
         ['2' '5']
         ['1' '1']
         ['3' '0']
         ['4' '0']
['5' '3']['0' '5']['2' '2']['3' '1']
['5' '3']['0' '2']['4' '4']['4' '1']
         ['5' '1']
         ['2' '1']
         ['3' '3']
         ['4' '4']
['5' '3']['0' '0']['2' '4']['1' '1']
['5' '3']['0' '0']['2' '4']['1' '1']
         ['5' '5']
         ['2' '2']
         ['4' '4']
         ['4' '4']
['3' '3']['0' '0']['2' '2']['1' '1']
['3' '3']['0' '0']['2' '2']['1' '1']
         ['5' '5']
         ['5' '5']
"
10,"[1, 1, 1, 1, 1, 3, 4, 2, 6, 5, 13, 8, 10, 4, 9, 231, 37, 202, 380, 5, 20, 169, 79, 20, 144, 374, 144, 699, 13, 1000, 856, 1000, 37, 232, 1000, 1000, 1000, 1000, 39, 1000, 1000, 762, 1000, 58, 1000, 1000, 1000, 417, 12, 1000, 70, 1000, 1000, 1000, 1000, 1000, 1000, 1000, 1000, 1000, 1000, 1000, 1000, 1000, 1000, 1000, 1000, 1000, 1000, 1000, 1000, 1000, 40, 1000, 1000, 1000, 1000, 1000, 1000, 1000, 1000, 1000, 1000, 1000, 1000, 1000, 1000, 1000, 1000, 1000, 1000, 1000, 1000, 1000, 1000, 1000, 1000, 1000, 1000, 1000]",Failed
10,"[1, 1, 1, 1, 1, 3, 4, 2, 6, 5, 13, 8, 10, 4, 9, 231, 37, 202, 380, 5, 20, 169, 79, 20, 144, 374, 144, 699, 13, 1000, 856, 1000, 37, 232, 1000, 1000, 1000, 1000, 39, 1000, 1000, 762, 1000, 58, 1000, 1000, 1000, 417, 12, 1000, 70, 1000, 1000, 1000, 1000, 1000, 1000, 1000, 1000, 1000, 1000, 1000, 1000, 1000, 1000, 1000, 1000, 1000, 1000, 1000, 1000, 1000, 40, 1000, 1000, 1000, 1000, 1000, 1000, 1000, 1000, 1000, 1000, 1000, 1000, 1000, 1000, 1000, 1000, 1000, 1000, 1000, 1000, 1000, 1000, 1000, 1000, 1000, 1000, 1000]",Failed
10,"[1, 1, 1, 1, 1, 3, 4, 2, 6, 5, 13, 8, 10, 4, 9, 231, 37, 202, 380, 5, 20, 169, 79, 20, 144, 374, 144, 699, 13, 1000, 856, 1000, 37, 232, 1000, 1000, 1000, 1000, 39, 1000, 1000, 762, 1000, 58, 1000, 1000, 1000, 417, 12, 1000, 70, 1000, 1000, 1000, 1000, 1000, 1000, 1000, 1000, 1000, 1000, 1000, 1000, 1000, 1000, 1000, 1000, 1000, 1000, 1000, 1000, 1000, 40, 1000, 1000, 1000, 1000, 1000, 1000, 1000, 1000, 1000, 1000, 1000, 1000, 1000, 1000, 1000, 1000, 1000, 1000, 1000, 1000, 1000, 1000, 1000, 1000, 1000, 1000, 1000]",Failed
10,"[1, 1, 1, 1, 1, 3, 4, 2, 6, 5, 13, 8, 10, 4, 9, 231, 37, 202, 380, 5, 20, 169, 79, 20, 144, 374, 144, 699, 13, 1000, 856, 1000, 37, 232, 1000, 1000, 1000, 1000, 39, 1000, 1000, 762, 1000, 58, 1000, 1000, 1000, 417, 12, 1000, 70, 1000, 1000, 1000, 1000, 1000, 1000, 1000, 1000, 1000, 1000, 1000, 1000, 1000, 1000, 1000, 1000, 1000, 1000, 1000, 1000, 1000, 40, 1000, 1000, 1000, 1000, 1000, 1000, 1000, 1000, 1000, 1000, 1000, 1000, 1000, 1000, 1000, 1000, 1000, 1000, 1000, 1000, 1000, 1000, 1000, 1000, 1000, 1000, 1000]",Failed
11,"[1, 1, 1, 1, 1, 3, 4, 2, 6, 5, 13, 8, 10, 4, 9, 231, 37, 202, 380, 5, 20, 169, 79, 20, 144, 374, 144, 699, 13, 1000, 856, 1000, 37, 232, 1000, 1000, 1000, 1000, 39, 1000, 1000, 762, 1000, 58, 1000, 1000, 1000, 417, 12, 1000, 70, 1000, 1000, 1000, 1000, 1000, 1000, 1000, 1000, 1000, 1000, 1000, 1000, 1000, 1000, 1000, 1000, 1000, 1000, 1000, 1000, 1000, 40, 1000, 1000, 1000, 1000, 1000, 1000, 1000, 1000, 1000, 1000, 1000, 1000, 1000, 1000, 1000, 1000, 1000, 1000, 1000, 1000, 1000, 1000, 1000, 1000, 1000, 1000, 1000]",Failed
11,"[1, 1, 1, 1, 1, 3, 4, 2, 6, 5, 13, 8, 10, 4, 9, 231, 37, 202, 380, 5, 20, 169, 79, 20, 144, 374, 144, 699, 13, 1000, 856, 1000, 37, 232, 1000, 1000, 1000, 1000, 39, 1000, 1000, 762, 1000, 58, 1000, 1000, 1000, 417, 12, 1000, 70, 1000, 1000, 1000, 1000, 1000, 1000, 1000, 1000, 1000, 1000, 1000, 1000, 1000, 1000, 1000, 1000, 1000, 1000, 1000, 1000, 1000, 40, 1000, 1000, 1000, 1000, 1000, 1000, 1000, 1000, 1000, 1000, 1000, 1000, 1000, 1000, 1000, 1000, 1000, 1000, 1000, 1000, 1000, 1000, 1000, 1000, 1000, 1000, 1000]",Failed
11,"[1, 1, 1, 1, 1, 3, 4, 2, 6, 5, 13, 8, 10, 4, 9, 231, 37, 202, 380, 5, 20, 169, 79, 20, 144, 374, 144, 699, 13, 1000, 856, 1000, 37, 232, 1000, 1000, 1000, 1000, 39, 1000, 1000, 762, 1000, 58, 1000, 1000, 1000, 417, 12, 1000, 70, 1000, 1000, 1000, 1000, 1000, 1000, 1000, 1000, 1000, 1000, 1000, 1000, 1000, 1000, 1000, 1000, 1000, 1000, 1000, 1000, 1000, 40, 1000, 1000, 1000, 1000, 1000, 1000, 1000, 1000, 1000, 1000, 1000, 1000, 1000, 1000, 1000, 1000, 1000, 1000, 1000, 1000, 1000, 1000, 1000, 1000, 1000, 1000, 1000]",Failed
11,"[1, 1, 1, 1, 1, 3, 4, 2, 6, 5, 13, 8, 10, 4, 9, 231, 37, 202, 380, 5, 20, 169, 79, 20, 144, 374, 144, 699, 13, 1000, 856, 1000, 37, 232, 1000, 1000, 1000, 1000, 39, 1000, 1000, 762, 1000, 58, 1000, 1000, 1000, 417, 12, 1000, 70, 1000, 1000, 1000, 1000, 1000, 1000, 1000, 1000, 1000, 1000, 1000, 1000, 1000, 1000, 1000, 1000, 1000, 1000, 1000, 1000, 1000, 40, 1000, 1000, 1000, 1000, 1000, 1000, 1000, 1000, 1000, 1000, 1000, 1000, 1000, 1000, 1000, 1000, 1000, 1000, 1000, 1000, 1000, 1000, 1000, 1000, 1000, 1000, 1000]",Failed
11,"[1, 1, 1, 1, 1, 3, 4, 2, 6, 5, 13, 8, 10, 4, 9, 231, 37, 202, 380, 5, 20, 169, 79, 20, 144, 374, 144, 699, 13, 1000, 856, 1000, 37, 232, 1000, 1000, 1000, 1000, 39, 1000, 1000, 762, 1000, 58, 1000, 1000, 1000, 417, 12, 1000, 70, 1000, 1000, 1000, 1000, 1000, 1000, 1000, 1000, 1000, 1000, 1000, 1000, 1000, 1000, 1000, 1000, 1000, 1000, 1000, 1000, 1000, 40, 1000, 1000, 1000, 1000, 1000, 1000, 1000, 1000, 1000, 1000, 1000, 1000, 1000, 1000, 1000, 1000, 1000, 1000, 1000, 1000, 1000, 1000, 1000, 1000, 1000, 1000, 1000]",Failed
12,"[1, 1, 1, 1, 1, 3, 4, 2, 6, 5, 13, 8, 10, 4, 9, 231, 37, 202, 380, 5, 20, 169, 79, 20, 144, 374, 144, 699, 13, 1000, 856, 1000, 37, 232, 1000, 1000, 1000, 1000, 39, 1000, 1000, 762, 1000, 58, 1000, 1000, 1000, 417, 12, 1000, 70, 1000, 1000, 1000, 1000, 1000, 1000, 1000, 1000, 1000, 1000, 1000, 1000, 1000, 1000, 1000, 1000, 1000, 1000, 1000, 1000, 1000, 40, 1000, 1000, 1000, 1000, 1000, 1000, 1000, 1000, 1000, 1000, 1000, 1000, 1000, 1000, 1000, 1000, 1000, 1000, 1000, 1000, 1000, 1000, 1000, 1000, 1000, 1000, 1000]",Failed
12,"[1, 1, 1, 1, 1, 3, 4, 2, 6, 5, 13, 8, 10, 4, 9, 231, 37, 202, 380, 5, 20, 169, 79, 20, 144, 374, 144, 699, 13, 1000, 856, 1000, 37, 232, 1000, 1000, 1000, 1000, 39, 1000, 1000, 762, 1000, 58, 1000, 1000, 1000, 417, 12, 1000, 70, 1000, 1000, 1000, 1000, 1000, 1000, 1000, 1000, 1000, 1000, 1000, 1000, 1000, 1000, 1000, 1000, 1000, 1000, 1000, 1000, 1000, 40, 1000, 1000, 1000, 1000, 1000, 1000, 1000, 1000, 1000, 1000, 1000, 1000, 1000, 1000, 1000, 1000, 1000, 1000, 1000, 1000, 1000, 1000, 1000, 1000, 1000, 1000, 1000]",Failed
12,"[1, 1, 1, 1, 1, 3, 4, 2, 6, 5, 13, 8, 10, 4, 9, 231, 37, 202, 380, 5, 20, 169, 79, 20, 144, 374, 144, 699, 13, 1000, 856, 1000, 37, 232, 1000, 1000, 1000, 1000, 39, 1000, 1000, 762, 1000, 58, 1000, 1000, 1000, 417, 12, 1000, 70, 1000, 1000, 1000, 1000, 1000, 1000, 1000, 1000, 1000, 1000, 1000, 1000, 1000, 1000, 1000, 1000, 1000, 1000, 1000, 1000, 1000, 40, 1000, 1000, 1000, 1000, 1000, 1000, 1000, 1000, 1000, 1000, 1000, 1000, 1000, 1000, 1000, 1000, 1000, 1000, 1000, 1000, 1000, 1000, 1000, 1000, 1000, 1000, 1000]",Failed
12,"[1, 1, 1, 1, 1, 3, 4, 2, 6, 5, 13, 8, 10, 4, 9, 231, 37, 202, 380, 5, 20, 169, 79, 20, 144, 374, 144, 699, 13, 1000, 856, 1000, 37, 232, 1000, 1000, 1000, 1000, 39, 1000, 1000, 762, 1000, 58, 1000, 1000, 1000, 417, 12, 1000, 70, 1000, 1000, 1000, 1000, 1000, 1000, 1000, 1000, 1000, 1000, 1000, 1000, 1000, 1000, 1000, 1000, 1000, 1000, 1000, 1000, 1000, 40, 1000, 1000, 1000, 1000, 1000, 1000, 1000, 1000, 1000, 1000, 1000, 1000, 1000, 1000, 1000, 1000, 1000, 1000, 1000, 1000, 1000, 1000, 1000, 1000, 1000, 1000, 1000]",Failed
12,"[1, 1, 1, 1, 1, 3, 4, 2, 6, 5, 13, 8, 10, 4, 9, 231, 37, 202, 380, 5, 20, 169, 79, 20, 144, 374, 144, 699, 13, 1000, 856, 1000, 37, 232, 1000, 1000, 1000, 1000, 39, 1000, 1000, 762, 1000, 58, 1000, 1000, 1000, 417, 12, 1000, 70, 1000, 1000, 1000, 1000, 1000, 1000, 1000, 1000, 1000, 1000, 1000, 1000, 1000, 1000, 1000, 1000, 1000, 1000, 1000, 1000, 1000, 40, 1000, 1000, 1000, 1000, 1000, 1000, 1000, 1000, 1000, 1000, 1000, 1000, 1000, 1000, 1000, 1000, 1000, 1000, 1000, 1000, 1000, 1000, 1000, 1000, 1000, 1000, 1000]",Failed
13,"[1, 1, 1, 1, 1, 3, 4, 2, 6, 5, 13, 8, 10, 4, 9, 231, 37, 202, 380, 5, 20, 169, 79, 20, 144, 374, 144, 699, 13, 1000, 856, 1000, 37, 232, 1000, 1000, 1000, 1000, 39, 1000, 1000, 762, 1000, 58, 1000, 1000, 1000, 417, 12, 1000, 70, 1000, 1000, 1000, 1000, 1000, 1000, 1000, 1000, 1000, 1000, 1000, 1000, 1000, 1000, 1000, 1000, 1000, 1000, 1000, 1000, 1000, 40, 1000, 1000, 1000, 1000, 1000, 1000, 1000, 1000, 1000, 1000, 1000, 1000, 1000, 1000, 1000, 1000, 1000, 1000, 1000, 1000, 1000, 1000, 1000, 1000, 1000, 1000, 1000]",Failed
13,"[1, 1, 1, 1, 1, 3, 4, 2, 6, 5, 13, 8, 10, 4, 9, 231, 37, 202, 380, 5, 20, 169, 79, 20, 144, 374, 144, 699, 13, 1000, 856, 1000, 37, 232, 1000, 1000, 1000, 1000, 39, 1000, 1000, 762, 1000, 58, 1000, 1000, 1000, 417, 12, 1000, 70, 1000, 1000, 1000, 1000, 1000, 1000, 1000, 1000, 1000, 1000, 1000, 1000, 1000, 1000, 1000, 1000, 1000, 1000, 1000, 1000, 1000, 40, 1000, 1000, 1000, 1000, 1000, 1000, 1000, 1000, 1000, 1000, 1000, 1000, 1000, 1000, 1000, 1000, 1000, 1000, 1000, 1000, 1000, 1000, 1000, 1000, 1000, 1000, 1000]",Failed
13,"[1, 1, 1, 1, 1, 3, 4, 2, 6, 5, 13, 8, 10, 4, 9, 231, 37, 202, 380, 5, 20, 169, 79, 20, 144, 374, 144, 699, 13, 1000, 856, 1000, 37, 232, 1000, 1000, 1000, 1000, 39, 1000, 1000, 762, 1000, 58, 1000, 1000, 1000, 417, 12, 1000, 70, 1000, 1000, 1000, 1000, 1000, 1000, 1000, 1000, 1000, 1000, 1000, 1000, 1000, 1000, 1000, 1000, 1000, 1000, 1000, 1000, 1000, 40, 1000, 1000, 1000, 1000, 1000, 1000, 1000, 1000, 1000, 1000, 1000, 1000, 1000, 1000, 1000, 1000, 1000, 1000, 1000, 1000, 1000, 1000, 1000, 1000, 1000, 1000, 1000]",Failed
13,"[1, 1, 1, 1, 1, 3, 4, 2, 6, 5, 13, 8, 10, 4, 9, 231, 37, 202, 380, 5, 20, 169, 79, 20, 144, 374, 144, 699, 13, 1000, 856, 1000, 37, 232, 1000, 1000, 1000, 1000, 39, 1000, 1000, 762, 1000, 58, 1000, 1000, 1000, 417, 12, 1000, 70, 1000, 1000, 1000, 1000, 1000, 1000, 1000, 1000, 1000, 1000, 1000, 1000, 1000, 1000, 1000, 1000, 1000, 1000, 1000, 1000, 1000, 40, 1000, 1000, 1000, 1000, 1000, 1000, 1000, 1000, 1000, 1000, 1000, 1000, 1000, 1000, 1000, 1000, 1000, 1000, 1000, 1000, 1000, 1000, 1000, 1000, 1000, 1000, 1000]",Failed
13,"[1, 1, 1, 1, 1, 3, 4, 2, 6, 5, 13, 8, 10, 4, 9, 231, 37, 202, 380, 5, 20, 169, 79, 20, 144, 374, 144, 699, 13, 1000, 856, 1000, 37, 232, 1000, 1000, 1000, 1000, 39, 1000, 1000, 762, 1000, 58, 1000, 1000, 1000, 417, 12, 1000, 70, 1000, 1000, 1000, 1000, 1000, 1000, 1000, 1000, 1000, 1000, 1000, 1000, 1000, 1000, 1000, 1000, 1000, 1000, 1000, 1000, 1000, 40, 1000, 1000, 1000, 1000, 1000, 1000, 1000, 1000, 1000, 1000, 1000, 1000, 1000, 1000, 1000, 1000, 1000, 1000, 1000, 1000, 1000, 1000, 1000, 1000, 1000, 1000, 1000]",Failed
14,"[1, 1, 1, 1, 1, 3, 4, 2, 6, 5, 13, 8, 10, 4, 9, 231, 37, 202, 380, 5, 20, 169, 79, 20, 144, 374, 144, 699, 13, 1000, 856, 1000, 37, 232, 1000, 1000, 1000, 1000, 39, 1000, 1000, 762, 1000, 58, 1000, 1000, 1000, 417, 12, 1000, 70, 1000, 1000, 1000, 1000, 1000, 1000, 1000, 1000, 1000, 1000, 1000, 1000, 1000, 1000, 1000, 1000, 1000, 1000, 1000, 1000, 1000, 40, 1000, 1000, 1000, 1000, 1000, 1000, 1000, 1000, 1000, 1000, 1000, 1000, 1000, 1000, 1000, 1000, 1000, 1000, 1000, 1000, 1000, 1000, 1000, 1000, 1000, 1000, 1000]",Failed
14,"[1, 1, 1, 1, 1, 3, 4, 2, 6, 5, 13, 8, 10, 4, 9, 231, 37, 202, 380, 5, 20, 169, 79, 20, 144, 374, 144, 699, 13, 1000, 856, 1000, 37, 232, 1000, 1000, 1000, 1000, 39, 1000, 1000, 762, 1000, 58, 1000, 1000, 1000, 417, 12, 1000, 70, 1000, 1000, 1000, 1000, 1000, 1000, 1000, 1000, 1000, 1000, 1000, 1000, 1000, 1000, 1000, 1000, 1000, 1000, 1000, 1000, 1000, 40, 1000, 1000, 1000, 1000, 1000, 1000, 1000, 1000, 1000, 1000, 1000, 1000, 1000, 1000, 1000, 1000, 1000, 1000, 1000, 1000, 1000, 1000, 1000, 1000, 1000, 1000, 1000]",Failed
14,"[1, 1, 1, 1, 1, 3, 4, 2, 6, 5, 13, 8, 10, 4, 9, 231, 37, 202, 380, 5, 20, 169, 79, 20, 144, 374, 144, 699, 13, 1000, 856, 1000, 37, 232, 1000, 1000, 1000, 1000, 39, 1000, 1000, 762, 1000, 58, 1000, 1000, 1000, 417, 12, 1000, 70, 1000, 1000, 1000, 1000, 1000, 1000, 1000, 1000, 1000, 1000, 1000, 1000, 1000, 1000, 1000, 1000, 1000, 1000, 1000, 1000, 1000, 40, 1000, 1000, 1000, 1000, 1000, 1000, 1000, 1000, 1000, 1000, 1000, 1000, 1000, 1000, 1000, 1000, 1000, 1000, 1000, 1000, 1000, 1000, 1000, 1000, 1000, 1000, 1000]","         ['2' '5']
         ['1' '5']
['3' '1']['4' '2']['2' '2']['3' '5']
['3' '1']['4' '1']['0' '0']['0' '5']
         ['3' '4']
         ['0' '4']
         ['4' '5']
         ['4' '5']
['1' '1']['3' '2']['2' '2']['3' '2']
['3' '3']['0' '1']['0' '0']['0' '1']
         ['5' '4']
         ['5' '4']
         ['4' '4']
         ['4' '4']
['1' '1']['3' '3']['0' '0']['2' '2']
['3' '3']['0' '0']['2' '2']['1' '1']
         ['5' '5']
         ['5' '5']
         ['4' '4']
         ['4' '4']
['3' '3']['0' '0']['2' '2']['1' '1']
['3' '3']['0' '0']['2' '2']['1' '1']
         ['5' '5']
         ['5' '5']
"
14,"[1, 1, 1, 1, 1, 3, 4, 2, 6, 5, 13, 8, 10, 4, 9, 231, 37, 202, 380, 5, 20, 169, 79, 20, 144, 374, 144, 699, 13, 1000, 856, 1000, 37, 232, 1000, 1000, 1000, 1000, 39, 1000, 1000, 762, 1000, 58, 1000, 1000, 1000, 417, 12, 1000, 70, 1000, 1000, 1000, 1000, 1000, 1000, 1000, 1000, 1000, 1000, 1000, 1000, 1000, 1000, 1000, 1000, 1000, 1000, 1000, 1000, 1000, 40, 1000, 1000, 1000, 1000, 1000, 1000, 1000, 1000, 1000, 1000, 1000, 1000, 1000, 1000, 1000, 1000, 1000, 1000, 1000, 1000, 1000, 1000, 1000, 1000, 1000, 1000, 1000]",Failed
14,"[1, 1, 1, 1, 1, 3, 4, 2, 6, 5, 13, 8, 10, 4, 9, 231, 37, 202, 380, 5, 20, 169, 79, 20, 144, 374, 144, 699, 13, 1000, 856, 1000, 37, 232, 1000, 1000, 1000, 1000, 39, 1000, 1000, 762, 1000, 58, 1000, 1000, 1000, 417, 12, 1000, 70, 1000, 1000, 1000, 1000, 1000, 1000, 1000, 1000, 1000, 1000, 1000, 1000, 1000, 1000, 1000, 1000, 1000, 1000, 1000, 1000, 1000, 40, 1000, 1000, 1000, 1000, 1000, 1000, 1000, 1000, 1000, 1000, 1000, 1000, 1000, 1000, 1000, 1000, 1000, 1000, 1000, 1000, 1000, 1000, 1000, 1000, 1000, 1000, 1000]",Failed
15,"[1, 1, 1, 1, 1, 3, 4, 2, 6, 5, 13, 8, 10, 4, 9, 231, 37, 202, 380, 5, 20, 169, 79, 20, 144, 374, 144, 699, 13, 1000, 856, 1000, 37, 232, 1000, 1000, 1000, 1000, 39, 1000, 1000, 762, 1000, 58, 1000, 1000, 1000, 417, 12, 1000, 70, 1000, 1000, 1000, 1000, 1000, 1000, 1000, 1000, 1000, 1000, 1000, 1000, 1000, 1000, 1000, 1000, 1000, 1000, 1000, 1000, 1000, 40, 1000, 1000, 1000, 1000, 1000, 1000, 1000, 1000, 1000, 1000, 1000, 1000, 1000, 1000, 1000, 1000, 1000, 1000, 1000, 1000, 1000, 1000, 1000, 1000, 1000, 1000, 1000]",Failed
15,"[1, 1, 1, 1, 1, 3, 4, 2, 6, 5, 13, 8, 10, 4, 9, 231, 37, 202, 380, 5, 20, 169, 79, 20, 144, 374, 144, 699, 13, 1000, 856, 1000, 37, 232, 1000, 1000, 1000, 1000, 39, 1000, 1000, 762, 1000, 58, 1000, 1000, 1000, 417, 12, 1000, 70, 1000, 1000, 1000, 1000, 1000, 1000, 1000, 1000, 1000, 1000, 1000, 1000, 1000, 1000, 1000, 1000, 1000, 1000, 1000, 1000, 1000, 40, 1000, 1000, 1000, 1000, 1000, 1000, 1000, 1000, 1000, 1000, 1000, 1000, 1000, 1000, 1000, 1000, 1000, 1000, 1000, 1000, 1000, 1000, 1000, 1000, 1000, 1000, 1000]",Failed
15,"[1, 1, 1, 1, 1, 3, 4, 2, 6, 5, 13, 8, 10, 4, 9, 231, 37, 202, 380, 5, 20, 169, 79, 20, 144, 374, 144, 699, 13, 1000, 856, 1000, 37, 232, 1000, 1000, 1000, 1000, 39, 1000, 1000, 762, 1000, 58, 1000, 1000, 1000, 417, 12, 1000, 70, 1000, 1000, 1000, 1000, 1000, 1000, 1000, 1000, 1000, 1000, 1000, 1000, 1000, 1000, 1000, 1000, 1000, 1000, 1000, 1000, 1000, 40, 1000, 1000, 1000, 1000, 1000, 1000, 1000, 1000, 1000, 1000, 1000, 1000, 1000, 1000, 1000, 1000, 1000, 1000, 1000, 1000, 1000, 1000, 1000, 1000, 1000, 1000, 1000]",Failed
15,"[1, 1, 1, 1, 1, 3, 4, 2, 6, 5, 13, 8, 10, 4, 9, 231, 37, 202, 380, 5, 20, 169, 79, 20, 144, 374, 144, 699, 13, 1000, 856, 1000, 37, 232, 1000, 1000, 1000, 1000, 39, 1000, 1000, 762, 1000, 58, 1000, 1000, 1000, 417, 12, 1000, 70, 1000, 1000, 1000, 1000, 1000, 1000, 1000, 1000, 1000, 1000, 1000, 1000, 1000, 1000, 1000, 1000, 1000, 1000, 1000, 1000, 1000, 40, 1000, 1000, 1000, 1000, 1000, 1000, 1000, 1000, 1000, 1000, 1000, 1000, 1000, 1000, 1000, 1000, 1000, 1000, 1000, 1000, 1000, 1000, 1000, 1000, 1000, 1000, 1000]",Failed
15,"[1, 1, 1, 1, 1, 3, 4, 2, 6, 5, 13, 8, 10, 4, 9, 231, 37, 202, 380, 5, 20, 169, 79, 20, 144, 374, 144, 699, 13, 1000, 856, 1000, 37, 232, 1000, 1000, 1000, 1000, 39, 1000, 1000, 762, 1000, 58, 1000, 1000, 1000, 417, 12, 1000, 70, 1000, 1000, 1000, 1000, 1000, 1000, 1000, 1000, 1000, 1000, 1000, 1000, 1000, 1000, 1000, 1000, 1000, 1000, 1000, 1000, 1000, 40, 1000, 1000, 1000, 1000, 1000, 1000, 1000, 1000, 1000, 1000, 1000, 1000, 1000, 1000, 1000, 1000, 1000, 1000, 1000, 1000, 1000, 1000, 1000, 1000, 1000, 1000, 1000]",Failed
16,"[1, 1, 1, 1, 1, 3, 4, 2, 6, 5, 13, 8, 10, 4, 9, 231, 37, 202, 380, 5, 20, 169, 79, 20, 144, 374, 144, 699, 13, 1000, 856, 1000, 37, 232, 1000, 1000, 1000, 1000, 39, 1000, 1000, 762, 1000, 58, 1000, 1000, 1000, 417, 12, 1000, 70, 1000, 1000, 1000, 1000, 1000, 1000, 1000, 1000, 1000, 1000, 1000, 1000, 1000, 1000, 1000, 1000, 1000, 1000, 1000, 1000, 1000, 40, 1000, 1000, 1000, 1000, 1000, 1000, 1000, 1000, 1000, 1000, 1000, 1000, 1000, 1000, 1000, 1000, 1000, 1000, 1000, 1000, 1000, 1000, 1000, 1000, 1000, 1000, 1000]",Failed
16,"[1, 1, 1, 1, 1, 3, 4, 2, 6, 5, 13, 8, 10, 4, 9, 231, 37, 202, 380, 5, 20, 169, 79, 20, 144, 374, 144, 699, 13, 1000, 856, 1000, 37, 232, 1000, 1000, 1000, 1000, 39, 1000, 1000, 762, 1000, 58, 1000, 1000, 1000, 417, 12, 1000, 70, 1000, 1000, 1000, 1000, 1000, 1000, 1000, 1000, 1000, 1000, 1000, 1000, 1000, 1000, 1000, 1000, 1000, 1000, 1000, 1000, 1000, 40, 1000, 1000, 1000, 1000, 1000, 1000, 1000, 1000, 1000, 1000, 1000, 1000, 1000, 1000, 1000, 1000, 1000, 1000, 1000, 1000, 1000, 1000, 1000, 1000, 1000, 1000, 1000]",Failed
16,"[1, 1, 1, 1, 1, 3, 4, 2, 6, 5, 13, 8, 10, 4, 9, 231, 37, 202, 380, 5, 20, 169, 79, 20, 144, 374, 144, 699, 13, 1000, 856, 1000, 37, 232, 1000, 1000, 1000, 1000, 39, 1000, 1000, 762, 1000, 58, 1000, 1000, 1000, 417, 12, 1000, 70, 1000, 1000, 1000, 1000, 1000, 1000, 1000, 1000, 1000, 1000, 1000, 1000, 1000, 1000, 1000, 1000, 1000, 1000, 1000, 1000, 1000, 40, 1000, 1000, 1000, 1000, 1000, 1000, 1000, 1000, 1000, 1000, 1000, 1000, 1000, 1000, 1000, 1000, 1000, 1000, 1000, 1000, 1000, 1000, 1000, 1000, 1000, 1000, 1000]",Failed
16,"[1, 1, 1, 1, 1, 3, 4, 2, 6, 5, 13, 8, 10, 4, 9, 231, 37, 202, 380, 5, 20, 169, 79, 20, 144, 374, 144, 699, 13, 1000, 856, 1000, 37, 232, 1000, 1000, 1000, 1000, 39, 1000, 1000, 762, 1000, 58, 1000, 1000, 1000, 417, 12, 1000, 70, 1000, 1000, 1000, 1000, 1000, 1000, 1000, 1000, 1000, 1000, 1000, 1000, 1000, 1000, 1000, 1000, 1000, 1000, 1000, 1000, 1000, 40, 1000, 1000, 1000, 1000, 1000, 1000, 1000, 1000, 1000, 1000, 1000, 1000, 1000, 1000, 1000, 1000, 1000, 1000, 1000, 1000, 1000, 1000, 1000, 1000, 1000, 1000, 1000]",Failed
16,"[1, 1, 1, 1, 1, 3, 4, 2, 6, 5, 13, 8, 10, 4, 9, 231, 37, 202, 380, 5, 20, 169, 79, 20, 144, 374, 144, 699, 13, 1000, 856, 1000, 37, 232, 1000, 1000, 1000, 1000, 39, 1000, 1000, 762, 1000, 58, 1000, 1000, 1000, 417, 12, 1000, 70, 1000, 1000, 1000, 1000, 1000, 1000, 1000, 1000, 1000, 1000, 1000, 1000, 1000, 1000, 1000, 1000, 1000, 1000, 1000, 1000, 1000, 40, 1000, 1000, 1000, 1000, 1000, 1000, 1000, 1000, 1000, 1000, 1000, 1000, 1000, 1000, 1000, 1000, 1000, 1000, 1000, 1000, 1000, 1000, 1000, 1000, 1000, 1000, 1000]",Failed
17,"[1, 1, 1, 1, 1, 3, 4, 2, 6, 5, 13, 8, 10, 4, 9, 231, 37, 202, 380, 5, 20, 169, 79, 20, 144, 374, 144, 699, 13, 1000, 856, 1000, 37, 232, 1000, 1000, 1000, 1000, 39, 1000, 1000, 762, 1000, 58, 1000, 1000, 1000, 417, 12, 1000, 70, 1000, 1000, 1000, 1000, 1000, 1000, 1000, 1000, 1000, 1000, 1000, 1000, 1000, 1000, 1000, 1000, 1000, 1000, 1000, 1000, 1000, 40, 1000, 1000, 1000, 1000, 1000, 1000, 1000, 1000, 1000, 1000, 1000, 1000, 1000, 1000, 1000, 1000, 1000, 1000, 1000, 1000, 1000, 1000, 1000, 1000, 1000, 1000, 1000]",Failed
17,"[1, 1, 1, 1, 1, 3, 4, 2, 6, 5, 13, 8, 10, 4, 9, 231, 37, 202, 380, 5, 20, 169, 79, 20, 144, 374, 144, 699, 13, 1000, 856, 1000, 37, 232, 1000, 1000, 1000, 1000, 39, 1000, 1000, 762, 1000, 58, 1000, 1000, 1000, 417, 12, 1000, 70, 1000, 1000, 1000, 1000, 1000, 1000, 1000, 1000, 1000, 1000, 1000, 1000, 1000, 1000, 1000, 1000, 1000, 1000, 1000, 1000, 1000, 40, 1000, 1000, 1000, 1000, 1000, 1000, 1000, 1000, 1000, 1000, 1000, 1000, 1000, 1000, 1000, 1000, 1000, 1000, 1000, 1000, 1000, 1000, 1000, 1000, 1000, 1000, 1000]",Failed
17,"[1, 1, 1, 1, 1, 3, 4, 2, 6, 5, 13, 8, 10, 4, 9, 231, 37, 202, 380, 5, 20, 169, 79, 20, 144, 374, 144, 699, 13, 1000, 856, 1000, 37, 232, 1000, 1000, 1000, 1000, 39, 1000, 1000, 762, 1000, 58, 1000, 1000, 1000, 417, 12, 1000, 70, 1000, 1000, 1000, 1000, 1000, 1000, 1000, 1000, 1000, 1000, 1000, 1000, 1000, 1000, 1000, 1000, 1000, 1000, 1000, 1000, 1000, 40, 1000, 1000, 1000, 1000, 1000, 1000, 1000, 1000, 1000, 1000, 1000, 1000, 1000, 1000, 1000, 1000, 1000, 1000, 1000, 1000, 1000, 1000, 1000, 1000, 1000, 1000, 1000]",Failed
17,"[1, 1, 1, 1, 1, 3, 4, 2, 6, 5, 13, 8, 10, 4, 9, 231, 37, 202, 380, 5, 20, 169, 79, 20, 144, 374, 144, 699, 13, 1000, 856, 1000, 37, 232, 1000, 1000, 1000, 1000, 39, 1000, 1000, 762, 1000, 58, 1000, 1000, 1000, 417, 12, 1000, 70, 1000, 1000, 1000, 1000, 1000, 1000, 1000, 1000, 1000, 1000, 1000, 1000, 1000, 1000, 1000, 1000, 1000, 1000, 1000, 1000, 1000, 40, 1000, 1000, 1000, 1000, 1000, 1000, 1000, 1000, 1000, 1000, 1000, 1000, 1000, 1000, 1000, 1000, 1000, 1000, 1000, 1000, 1000, 1000, 1000, 1000, 1000, 1000, 1000]",Failed
17,"[1, 1, 1, 1, 1, 3, 4, 2, 6, 5, 13, 8, 10, 4, 9, 231, 37, 202, 380, 5, 20, 169, 79, 20, 144, 374, 144, 699, 13, 1000, 856, 1000, 37, 232, 1000, 1000, 1000, 1000, 39, 1000, 1000, 762, 1000, 58, 1000, 1000, 1000, 417, 12, 1000, 70, 1000, 1000, 1000, 1000, 1000, 1000, 1000, 1000, 1000, 1000, 1000, 1000, 1000, 1000, 1000, 1000, 1000, 1000, 1000, 1000, 1000, 40, 1000, 1000, 1000, 1000, 1000, 1000, 1000, 1000, 1000, 1000, 1000, 1000, 1000, 1000, 1000, 1000, 1000, 1000, 1000, 1000, 1000, 1000, 1000, 1000, 1000, 1000, 1000]",Failed
18,"[1, 1, 1, 1, 1, 3, 4, 2, 6, 5, 13, 8, 10, 4, 9, 231, 37, 202, 380, 5, 20, 169, 79, 20, 144, 374, 144, 699, 13, 1000, 856, 1000, 37, 232, 1000, 1000, 1000, 1000, 39, 1000, 1000, 762, 1000, 58, 1000, 1000, 1000, 417, 12, 1000, 70, 1000, 1000, 1000, 1000, 1000, 1000, 1000, 1000, 1000, 1000, 1000, 1000, 1000, 1000, 1000, 1000, 1000, 1000, 1000, 1000, 1000, 40, 1000, 1000, 1000, 1000, 1000, 1000, 1000, 1000, 1000, 1000, 1000, 1000, 1000, 1000, 1000, 1000, 1000, 1000, 1000, 1000, 1000, 1000, 1000, 1000, 1000, 1000, 1000]",Failed
18,"[1, 1, 1, 1, 1, 3, 4, 2, 6, 5, 13, 8, 10, 4, 9, 231, 37, 202, 380, 5, 20, 169, 79, 20, 144, 374, 144, 699, 13, 1000, 856, 1000, 37, 232, 1000, 1000, 1000, 1000, 39, 1000, 1000, 762, 1000, 58, 1000, 1000, 1000, 417, 12, 1000, 70, 1000, 1000, 1000, 1000, 1000, 1000, 1000, 1000, 1000, 1000, 1000, 1000, 1000, 1000, 1000, 1000, 1000, 1000, 1000, 1000, 1000, 40, 1000, 1000, 1000, 1000, 1000, 1000, 1000, 1000, 1000, 1000, 1000, 1000, 1000, 1000, 1000, 1000, 1000, 1000, 1000, 1000, 1000, 1000, 1000, 1000, 1000, 1000, 1000]",Failed
18,"[1, 1, 1, 1, 1, 3, 4, 2, 6, 5, 13, 8, 10, 4, 9, 231, 37, 202, 380, 5, 20, 169, 79, 20, 144, 374, 144, 699, 13, 1000, 856, 1000, 37, 232, 1000, 1000, 1000, 1000, 39, 1000, 1000, 762, 1000, 58, 1000, 1000, 1000, 417, 12, 1000, 70, 1000, 1000, 1000, 1000, 1000, 1000, 1000, 1000, 1000, 1000, 1000, 1000, 1000, 1000, 1000, 1000, 1000, 1000, 1000, 1000, 1000, 40, 1000, 1000, 1000, 1000, 1000, 1000, 1000, 1000, 1000, 1000, 1000, 1000, 1000, 1000, 1000, 1000, 1000, 1000, 1000, 1000, 1000, 1000, 1000, 1000, 1000, 1000, 1000]",Failed
18,"[1, 1, 1, 1, 1, 3, 4, 2, 6, 5, 13, 8, 10, 4, 9, 231, 37, 202, 380, 5, 20, 169, 79, 20, 144, 374, 144, 699, 13, 1000, 856, 1000, 37, 232, 1000, 1000, 1000, 1000, 39, 1000, 1000, 762, 1000, 58, 1000, 1000, 1000, 417, 12, 1000, 70, 1000, 1000, 1000, 1000, 1000, 1000, 1000, 1000, 1000, 1000, 1000, 1000, 1000, 1000, 1000, 1000, 1000, 1000, 1000, 1000, 1000, 40, 1000, 1000, 1000, 1000, 1000, 1000, 1000, 1000, 1000, 1000, 1000, 1000, 1000, 1000, 1000, 1000, 1000, 1000, 1000, 1000, 1000, 1000, 1000, 1000, 1000, 1000, 1000]",Failed
18,"[1, 1, 1, 1, 1, 3, 4, 2, 6, 5, 13, 8, 10, 4, 9, 231, 37, 202, 380, 5, 20, 169, 79, 20, 144, 374, 144, 699, 13, 1000, 856, 1000, 37, 232, 1000, 1000, 1000, 1000, 39, 1000, 1000, 762, 1000, 58, 1000, 1000, 1000, 417, 12, 1000, 70, 1000, 1000, 1000, 1000, 1000, 1000, 1000, 1000, 1000, 1000, 1000, 1000, 1000, 1000, 1000, 1000, 1000, 1000, 1000, 1000, 1000, 40, 1000, 1000, 1000, 1000, 1000, 1000, 1000, 1000, 1000, 1000, 1000, 1000, 1000, 1000, 1000, 1000, 1000, 1000, 1000, 1000, 1000, 1000, 1000, 1000, 1000, 1000, 1000]",Failed
19,"[1, 1, 1, 1, 1, 3, 4, 2, 6, 5, 13, 8, 10, 4, 9, 231, 37, 202, 380, 5, 20, 169, 79, 20, 144, 374, 144, 699, 13, 1000, 856, 1000, 37, 232, 1000, 1000, 1000, 1000, 39, 1000, 1000, 762, 1000, 58, 1000, 1000, 1000, 417, 12, 1000, 70, 1000, 1000, 1000, 1000, 1000, 1000, 1000, 1000, 1000, 1000, 1000, 1000, 1000, 1000, 1000, 1000, 1000, 1000, 1000, 1000, 1000, 40, 1000, 1000, 1000, 1000, 1000, 1000, 1000, 1000, 1000, 1000, 1000, 1000, 1000, 1000, 1000, 1000, 1000, 1000, 1000, 1000, 1000, 1000, 1000, 1000, 1000, 1000, 1000]",Failed
19,"[1, 1, 1, 1, 1, 3, 4, 2, 6, 5, 13, 8, 10, 4, 9, 231, 37, 202, 380, 5, 20, 169, 79, 20, 144, 374, 144, 699, 13, 1000, 856, 1000, 37, 232, 1000, 1000, 1000, 1000, 39, 1000, 1000, 762, 1000, 58, 1000, 1000, 1000, 417, 12, 1000, 70, 1000, 1000, 1000, 1000, 1000, 1000, 1000, 1000, 1000, 1000, 1000, 1000, 1000, 1000, 1000, 1000, 1000, 1000, 1000, 1000, 1000, 40, 1000, 1000, 1000, 1000, 1000, 1000, 1000, 1000, 1000, 1000, 1000, 1000, 1000, 1000, 1000, 1000, 1000, 1000, 1000, 1000, 1000, 1000, 1000, 1000, 1000, 1000, 1000]",Failed
19,"[1, 1, 1, 1, 1, 3, 4, 2, 6, 5, 13, 8, 10, 4, 9, 231, 37, 202, 380, 5, 20, 169, 79, 20, 144, 374, 144, 699, 13, 1000, 856, 1000, 37, 232, 1000, 1000, 1000, 1000, 39, 1000, 1000, 762, 1000, 58, 1000, 1000, 1000, 417, 12, 1000, 70, 1000, 1000, 1000, 1000, 1000, 1000, 1000, 1000, 1000, 1000, 1000, 1000, 1000, 1000, 1000, 1000, 1000, 1000, 1000, 1000, 1000, 40, 1000, 1000, 1000, 1000, 1000, 1000, 1000, 1000, 1000, 1000, 1000, 1000, 1000, 1000, 1000, 1000, 1000, 1000, 1000, 1000, 1000, 1000, 1000, 1000, 1000, 1000, 1000]",Failed
19,"[1, 1, 1, 1, 1, 3, 4, 2, 6, 5, 13, 8, 10, 4, 9, 231, 37, 202, 380, 5, 20, 169, 79, 20, 144, 374, 144, 699, 13, 1000, 856, 1000, 37, 232, 1000, 1000, 1000, 1000, 39, 1000, 1000, 762, 1000, 58, 1000, 1000, 1000, 417, 12, 1000, 70, 1000, 1000, 1000, 1000, 1000, 1000, 1000, 1000, 1000, 1000, 1000, 1000, 1000, 1000, 1000, 1000, 1000, 1000, 1000, 1000, 1000, 40, 1000, 1000, 1000, 1000, 1000, 1000, 1000, 1000, 1000, 1000, 1000, 1000, 1000, 1000, 1000, 1000, 1000, 1000, 1000, 1000, 1000, 1000, 1000, 1000, 1000, 1000, 1000]",Failed
19,"[1, 1, 1, 1, 1, 3, 4, 2, 6, 5, 13, 8, 10, 4, 9, 231, 37, 202, 380, 5, 20, 169, 79, 20, 144, 374, 144, 699, 13, 1000, 856, 1000, 37, 232, 1000, 1000, 1000, 1000, 39, 1000, 1000, 762, 1000, 58, 1000, 1000, 1000, 417, 12, 1000, 70, 1000, 1000, 1000, 1000, 1000, 1000, 1000, 1000, 1000, 1000, 1000, 1000, 1000, 1000, 1000, 1000, 1000, 1000, 1000, 1000, 1000, 40, 1000, 1000, 1000, 1000, 1000, 1000, 1000, 1000, 1000, 1000, 1000, 1000, 1000, 1000, 1000, 1000, 1000, 1000, 1000, 1000, 1000, 1000, 1000, 1000, 1000, 1000, 1000]",Failed
